[ QA Check & Talk Point ],,,,,,
No.,목차,Check Point,,Talk (example),,,고객예상질문1,고객예상질문2,고객예상질문3
1,주소/연락처 변경,1. 변경할 주소 및 연락처 복창 또는 재확인 ,,변경할 주소 확인 부탁 드립니다 / OO번~ 맞습니까? (복창),,,주소나 연락처 변경은 어떻게 진행하면 되나요?,본인확인 방법과 필요한 정보를 알려주세요.,변경 반영은 언제부터 확인할 수 있나요?
,,"2. 주소변경 시 전화번호 변경여부 확인 
단, 인입번호가 당사 등록된 연락처와 동일하고 해당번호만 등록된 경우 탐색 제외",,"다른 변경사항은 더 없으십니까? (등록된 자택 전화번호는 0000번인데, 변경사항 없으십니까?)",,,주소나 연락처 변경은 어떻게 진행하면 되나요?,본인확인 방법과 필요한 정보를 알려주세요.,변경 반영은 언제부터 확인할 수 있나요?
,,"3. 주소, 연락처 동일하게 등록된 경우 일괄변경 or 삭제여부 확인",,업무지에 예전 자택주소가 등록되어 있는데 삭제해도 될까요?,,,주소나 연락처 변경은 어떻게 진행하면 되나요?,본인확인 방법과 필요한 정보를 알려주세요.,변경 반영은 언제부터 확인할 수 있나요?
,,"4. 연락처 변경 시 ARS를 통한 본인 인증 방법 안내 
※ 휴대폰 SMS 인증 시 본인인증 동의 필수
※ 3회 이상 실패 시, 본인인증 5회 오류 시 당일 전화신청 불가 안내",,"혹시 고객님 사용하시는 휴대폰이 본인 명의이세요? (yes)
금융사고 예방을 위해 고객님 명의의 휴대폰을 통한 본인 인증 후 업무처리 진행을 해드릴텐데요~
먼저, 휴대폰본인확인 서비스 이용과 관련하여 고객님의 정보를 수집.이용.취급위탁하고, 고유식별정보를 처리 하는 것에 동의 하십니까? (동의 필수)",,,주소나 연락처 변경은 어떻게 진행하면 되나요?,"본인인증은 어떻게 진행하며, 실패 시 어떻게 하면 되나요?",변경 반영은 언제부터 확인할 수 있나요?
,,5. 우편물 수령지 확인,,변경 된 주소지로 우편물을 받아보시겠습니까?,,,주소나 연락처 변경은 어떻게 진행하면 되나요?,접수 후 수령 방식은 어떻게 선택할 수 있나요?,변경 반영은 언제부터 확인할 수 있나요?
2,"증권, 약관 재 발행 ","1. 총 가입 건 수 안내 및 요청 계약 확인 (재발행 요청 시 최근 발행 이력 확인)
※ 실효계약 증권재발행시 '보장 불가' 필수 안내",,"
1) 스마트폰 문자 또는 이메일로 받아보실 수 있는데 어떤게 좋으세요? 
2) 10분 이내에 빠르게 확인하실 수 있도록, 고객님 휴대폰에서 홈페이지 AIA+ 통해 보내 드려도 될까요? 
<네>10분 후에 홈페이지 AIA+ 로그인 후 바로 확인 가능하십니다.
*AIA+ 로그인 > 증명서신청클릭 > 가입증서발행확인 클릭 > 증권확인 가능
(우편/팩스 문의 시: 분실방지와 환경보호를 위해 종이 증권 대신 휴대폰 문자나 이메일로 보내드리고 있습니다. 휴대폰으로 편하게 받아보시는 게 어떠세요? )",,,주소나 연락처 변경은 어떻게 진행하면 되나요?,필요 서류 종류와 발급 기준을 알려주세요.,전체 처리가 완료되기까지 보통 얼마나 걸리나요?
,,2. 약관 재발행 요청 시 홈페이지로 확인 가능 안내 및 반려 시도,,당사 홈페이지를 통해 내용 확인 및 출력이 가능 한데요. 이 방법을 안내 해 드리는 건 어떨까요?,,,증권/약관/증명서 발급은 어떻게 신청하면 되나요?,수령 가능한 방식(문자/이메일/우편 등)을 알려주세요.,발급 완료까지 보통 몇 분 또는 며칠 걸리나요?
,,3. 수령방법 및 소요시간 안내,,"• AIA+ 수령 : 10분 이내 확인하실 수 있습니다. 
• 이메일 수령: 즉시(10분 이내) 받아보실 수 있습니다. 
• LMS 수령: 10~15분 이내 확인하실 수 있습니다. (열람 시 비밀번호는 계약자 '생년월일' 6자리 입니다.)
• 팩스 수령: 즉시 발송 가능합니다. 
• 우편 수령: 평일기준 5~7일 정도에 받아보실 수 있습니다.",,,증권/약관/증명서 발급은 어떻게 신청하면 되나요?,접수 후 수령 방식은 어떻게 선택할 수 있나요?,전체 처리가 완료되기까지 보통 얼마나 걸리나요?
3,계좌변경,1. 총 가입 건 수 안내 및 변경 요청 계약 확인 ,,,,,납입 계좌/카드 변경이나 등록은 어떻게 하면 되나요?,계좌/카드 정보는 어떤 항목을 준비하면 되나요?,적용 시점과 청구 일정은 어떻게 되나요?
,,"2. 새로운 계좌 '본인 명의' 여부 확인
2-1. 본인 명의 계좌 아닐 경우 가능 범위 확인",,변경 할 계좌가 계약자님 본인 계좌 입니까?,,,납입 계좌/카드 변경이나 등록은 어떻게 하면 되나요?,"본인인증은 어떻게 진행하며, 실패 시 어떻게 하면 되나요?",적용 시점과 청구 일정은 어떻게 되나요?
,,"3. 새로운 계좌 은행명, 계좌번호 확인 및 WL 검증
※ 예금주≠계약자인 경우, 예금주 주민등록번호 확인 및 WL 검증",,"변경할 계좌의 은행명과 계좌번호 말씀해 주시겠어요? 
(내국인의 경우) 당연하시겠지만 고객님의 국적과 실제 거주하시는 곳이 모두 한국 맞으십니까?
(외국인인 경우) 실례지만 국적이 어떻게 되십니까? 실제 거주하시는 곳이 어떻게 되십니까? 영문 성함을 말씀 해주실 수 있을까요?
 ※ 아웃 바운드의 경우 계약자=예금주 경우에도 예금주 주민번호 13자리 확인",,,납입 계좌/카드 변경이나 등록은 어떻게 하면 되나요?,계좌/카드 정보는 어떤 항목을 준비하면 되나요?,적용 시점과 청구 일정은 어떻게 되나요?
,,4. 이체일 확인,,"이체일은 5일, 10일, 15일, 20일, 25일 중 지정하실 수 있는데 몇 일로 하시겠습니까? 
(보험료 이체일 확인 시, 말일자 선안내 X / 단, 말일자 기등록 건은 그대로 유지 가능) 
이체일 말일로 요청하는 경우 1차 반려 필수
말일은 잔고 부족 등으로 보험료가 미이체 되더라도 당월 안에 다시 청구 되는 날이 없어 불편하실 수 있습니다. ",,,납입 계좌/카드 변경이나 등록은 어떻게 하면 되나요?,계좌/카드 정보는 어떤 항목을 준비하면 되나요?,적용 시점과 청구 일정은 어떻게 되나요?
,,"5-1. (기대출금 있는 경우) 보험계약대출금 이자 계좌 변경여부 확인
5-2. (VDIP 상품 가입 & 바이탈리티 1.1 회비 납부중인 경우) 바이탈리티 회비납부계좌 변경여부 확인 ",,"5-1. 대출이자 납입계좌도 동일하게 변경 하시겠어요?
5-2. 바이탈리티 회비 납부 계좌도 함께 변경 하시겠어요? ",,,납입 계좌/카드 변경이나 등록은 어떻게 하면 되나요?,계좌/카드 정보는 어떤 항목을 준비하면 되나요?,적용 시점과 청구 일정은 어떻게 되나요?
,,6. 금결원 녹취 전송멘트,,"[금융결재원 녹취 ARS연결]
자동이체 등록 확인을 위한 ARS를 연결 해드리겠습니다. 요청하신 정보가 맞으면 1번 동의를 누르신 후 잠시 기다려 주시기 바랍니다. -> ARS연결
※ ARS사용 불가 시 녹취로 대체
   AIA생명에서 출금하는 계좌를 예금주 000님의 00은행, --------번 계좌로 요청하셨습니다. 맞으십니까? 
   (YES 답변 필수)",,,납입 계좌/카드 변경이나 등록은 어떻게 하면 되나요?,"본인인증은 어떻게 진행하며, 실패 시 어떻게 하면 되나요?",적용 시점과 청구 일정은 어떻게 되나요?
,,"7. 자동이체 출금 적용 월 및 이체금액 안내 
7-1. 미납 분 있을 시 추가 청구일자 안내  
7-2. 납입방법 변경시 자동이체 할인적용 여부 안내",,"O월 보험료부터는 새로운 계좌에서 00일자에 보험료 0000원이 이체됩니다. (미납 있을 시 추가 청구일자 안내)
(C->E 경우 자동이체 할인 구분 안내)
[2019.04.01 이전 계약] 계좌 자동이체 이용에 따른 할인된 보험료 0000원이 이체 됩니다.
[2019.04.01 이후 계약] 보험료 0000원이 이체 됩니다.",,,납입 계좌/카드 변경이나 등록은 어떻게 하면 되나요?,계좌/카드 정보는 어떤 항목을 준비하면 되나요?,전체 처리가 완료되기까지 보통 얼마나 걸리나요?
,," ※ 자동이체 등록 및 변경 업무 시 계약자와 예금주(계,납 상이 시) 모두에게 ""이체 금액""에 대한 안내 필수 (예금주 동의 녹취 시에도 안내 필수) 
 ※ 계좌변경일이 자동이체 신청 마감일이며, 익일이 자동이체 신청일 일 경우 구계좌에서 출금되지 않을 수 있음 안내
 ※ 지정된 이체일에 미이체 시 5일 단위 재청구, 계속보험료 입금 시 이체일 전일까지 현금 입금 시 정상출금 가능 안내",,,,,납입 계좌/카드 변경이나 등록은 어떻게 하면 되나요?,계좌/카드 정보는 어떤 항목을 준비하면 되나요?,적용 시점과 청구 일정은 어떻게 되나요?
,,8. (월 추가납입 건) 자동이체 재 등록시 추가납입 유지 여부 확인,,월 추가납입은 기존 그대로 유지하시겠습니까?,,,납입 계좌/카드 변경이나 등록은 어떻게 하면 되나요?,계좌/카드 정보는 어떤 항목을 준비하면 되나요?,적용 시점과 청구 일정은 어떻게 되나요?
,,9. 요청 건 이외에 관련 계약 여부 탐색,,요청하신 계약 건 외에 다른 변경 할 계약 건은 없으십니까?,,,납입 계좌/카드 변경이나 등록은 어떻게 하면 되나요?,계좌/카드 정보는 어떤 항목을 준비하면 되나요?,적용 시점과 청구 일정은 어떻게 되나요?
,,※ (C->E 경우) 카드 후불결제 안내 ,,전월(당월) 보험료는 이미 카드로 승인되어 다음달 카드사 결제내역에 포함될 수 있으니 참고 바랍니다,,,납입 계좌/카드 변경이나 등록은 어떻게 하면 되나요?,계좌/카드 정보는 어떤 항목을 준비하면 되나요?,적용 시점과 청구 일정은 어떻게 되나요?
4,카드변경,1. 총 가입 건 수 안내 및 변경 요청 계약 확인  ,,,,,납입 계좌/카드 변경이나 등록은 어떻게 하면 되나요?,계좌/카드 정보는 어떤 항목을 준비하면 되나요?,적용 시점과 청구 일정은 어떻게 되나요?
,,"2. 새로운 카드 '본인 명의’여부 확인 
2-1. 본인 명의 카드 아닐 경우 가능 범위 확인 ",,변경 할 카드가 계약자님 본인 카드 입니까?,,,납입 계좌/카드 변경이나 등록은 어떻게 하면 되나요?,"본인인증은 어떻게 진행하며, 실패 시 어떻게 하면 되나요?",적용 시점과 청구 일정은 어떻게 되나요?
,,3. (VDIP 상품 가입 & 바이탈리티 1.1 회비 납부중인 경우) 바이탈리티 회비납부카드 변경여부 확인,,바이탈리티 회비 납부 카드도 함께 변경 하시겠어요? ,,,납입 계좌/카드 변경이나 등록은 어떻게 하면 되나요?,계좌/카드 정보는 어떤 항목을 준비하면 되나요?,적용 시점과 청구 일정은 어떻게 되나요?
,,"4. 새로운 카드 카드사명, 카드번호, 유효기간 확인 및 WL 검증
※ 예금주≠계약자인 경우, 예금주 주민등록번호 확인 및 WL 검증
※ 계약자 인입번호와 등록번호 일치여부 확인 후 진행",,"변경 할 카드사명과 카드번호,유효기간 말씀 부탁 드립니다. (복창)
(내국인의 경우) 당연하시겠지만 고객님의 국적과 실제 거주하시는 곳이 모두 한국 맞으십니까?
(외국인인 경우) 실례지만 국적이 어떻게 되십니까? 실제 거주하시는 곳이 어떻게 되십니까? 영문 성함을 말씀 해주실 수 있을까요?
 ※ 아웃 바운드의 경우 계약자=예금주 경우에도 예금주 주민번호 13자리 확인",,,납입 계좌/카드 변경이나 등록은 어떻게 하면 되나요?,계좌/카드 정보는 어떤 항목을 준비하면 되나요?,적용 시점과 청구 일정은 어떻게 되나요?
,,"5. 승인일 안내 및 이체금액 안내 
5-1. 납입방법 변경시 자동이체 할인 미적용에 대한 안내 
5-2. 미납 분 있을 시 추가 청구일자 안내 ",,"OO월부터 변경된 카드에서 보험료 000원이 승인 될 예정이며, 승인일은 공통적으로 매월 20일입니다. (미납 있을 시 추가 청구일자 안내)
(E->C 경우) [2019.04.01일 이전 계약] 카드 결제시 자동이체 할인 적용이 되지 않습니다.
",,,납입 계좌/카드 변경이나 등록은 어떻게 하면 되나요?,계좌/카드 정보는 어떤 항목을 준비하면 되나요?,적용 시점과 청구 일정은 어떻게 되나요?
,,"6. 신한/ 삼성무승인/ 비씨/ 하나/ 농협/ 롯데 / 현대카드 자동승계 안내
(삼성무승인,신한카드는 가족카드,체크카드 제외, BC ,하나,농협 카드는 가족카드 제외)",,"※ 신한/ 삼성무승인/ 비씨/ 하나/ 농협/ 롯데 / 현대 카드납 자동 승계됨 안내 필수 
OO카드는 납입카드가 카드분실, 유효기간 만료 등으로 결제 불가 시, 재발급된 OO카드 또는 납입자의 다른 OO카드로 자동 승인 됩니다. 다만 각 카드사의 정책에 따라 일부 카드는 자동 승인이 제한될 수 있습니다.(체크카드, 가족카드 등)",,,증권/약관/증명서 발급은 어떻게 신청하면 되나요?,필요 서류 종류와 발급 기준을 알려주세요.,전체 처리가 완료되기까지 보통 얼마나 걸리나요?
,,7. 변경 요청 건 이외에 추가 변경 사항 여부 확인 ,,요청하신 계약 건 외에 다른 변경 할 계약 건은 없으십니까?,,,납입 계좌/카드 변경이나 등록은 어떻게 하면 되나요?,계좌/카드 정보는 어떤 항목을 준비하면 되나요?,적용 시점과 청구 일정은 어떻게 되나요?
5,"(대면 _ 20.09.10 이전)
카드 자동이체","1. 총 가입 건 수 안내 및 변경 요청 계약 확인  
※ 계좌 > 카드 납 변경 시 : 카드로 보험료 납입 시 자동이체 할인 적용 안됨 안내 필수  (저축성 보험은 카드납입 불가)",,,,,납입 계좌/카드 변경이나 등록은 어떻게 하면 되나요?,계좌/카드 정보는 어떤 항목을 준비하면 되나요?,적용 시점과 청구 일정은 어떻게 되나요?
,,"2. 새로운 카드 '본인 명의’여부 및 WL 검증
※ 계약자 인입번호와 등록번호 일치여부 확인 후 진행
2-1. 본인 명의 카드 아닐 경우 가능 범위 확인 ",,"변경 할 카드가 계약자님 본인 카드 입니까?
(내국인의 경우) 당연하시겠지만 고객님의 국적과 실제 거주하시는 곳이 모두 한국 맞으십니까?
(외국인인 경우) 실례지만 국적이 어떻게 되십니까? 실제 거주하시는 곳이 어떻게 되십니까? 영문 성함을 말씀 해주실 수 있을까요?",,,납입 계좌/카드 변경이나 등록은 어떻게 하면 되나요?,"본인인증은 어떻게 진행하며, 실패 시 어떻게 하면 되나요?",적용 시점과 청구 일정은 어떻게 되나요?
,,"3. 카드명, 카드번호, 유효기간, 희망월 안내
※ 예금주≠계약자인 경우, 예금주 주민등록번호 확인 및 WL 검증
※ 계약자 인입번호와 등록번호 일치여부 확인 후 진행",,"변경 할 카드사명과 카드번호,유효기간 말씀 부탁 드립니다. (복창)
카드 승인일은 매월 00일 입니다 (2020.09.10일 이전 계약은 10,15,20,25 중 선택 가능. 말일자 선안내X)",,,납입 계좌/카드 변경이나 등록은 어떻게 하면 되나요?,계좌/카드 정보는 어떤 항목을 준비하면 되나요?,적용 시점과 청구 일정은 어떻게 되나요?
,,"4. 승인일 안내 및 이체금액 안내 
4-1. 미납 분 있을 시 추가 청구일자 및 당월 분과 합산 결제 가능 일정 안내  ",,"처리 완료되면 매월 OO일에 총 \OO,OOO의 보험료가 승인 될 예정이고요. 
해당 일에 미승인일 경우 말일까지 매영업일 재승인 신청 됩니다.
 (2020.09.10일 이전 계약은 10,15,20,25,말일 재청구)
카드 승인이 완료 된 이후에 승인취소는 가능하지 않사오니 참고 부탁 드립니다.~ 혹시 등록 처리 중 오류사항이 있으면 확인 전화 드리겠습니다. ",,,납입 계좌/카드 변경이나 등록은 어떻게 하면 되나요?,계좌/카드 정보는 어떤 항목을 준비하면 되나요?,적용 시점과 청구 일정은 어떻게 되나요?
6,"휴대폰 소액결제
자동이체",1. 총 가입 건 수 안내 및 변경 요청 계약 확인 ,,,,,주소나 연락처 변경은 어떻게 진행하면 되나요?,본인확인 방법과 필요한 정보를 알려주세요.,변경 반영은 언제부터 확인할 수 있나요?
,,2. 예금주 확인,,"계약자님 본인 명의 휴대폰이신가요? (yes) 
통신사가 어떻게 되세요?
(내국인의 경우) 당연하시겠지만 고객님의 국적과 실제 거주하시는 곳이 모두 한국 맞으십니까?
(외국인인 경우) 실례지만 국적이 어떻게 되십니까? 실제 거주하시는 곳이 어떻게 되십니까? 영문 성함을 말씀 해주실 수 있을까요? ",,,주소나 연락처 변경은 어떻게 진행하면 되나요?,"본인인증은 어떻게 진행하며, 실패 시 어떻게 하면 되나요?",변경 반영은 언제부터 확인할 수 있나요?
,,"3-1. (VDIP 상품 가입 & 바이탈리티 1.1 회비 납부중인 경우) 바이탈리티 회비납부휴대폰 정보 변경여부 확인
3-2.(납입자) 2연체 휴대폰결제 서비스 등록 여부 확인",,"바이탈리티 회비 납부중인 휴대폰 번호도 함께 변경 하시겠어요? 
참고로 보험의 실효를 방지하기 위한 서비스로, 전월 보험료가 당월 말일까지 자동으로 납부되지 않을 경우에 한하여 익월 2영업일에 휴대폰 소액결제서비스로 보험료가 납입되도록 설정 해 드리고자 하는데 동의하시나요?",,,주소나 연락처 변경은 어떻게 진행하면 되나요?,"본인인증은 어떻게 진행하며, 실패 시 어떻게 하면 되나요?",변경 반영은 언제부터 확인할 수 있나요?
,,"4. 등록 정보 및 동의 확인
※ 예금주≠계약자인 경우, 예금주 주민등록번호 확인 및 WL 검증",,"등록할 휴대폰번호를 말씀해 주시겠습니까?
1. ooo보험계약의 ___(업무) 관련으로, 납입자 신분확인을 위해 귀하의 성명, 통신사, 휴대폰번호, 생년월일, 성별, 내외국인 구분 정보, 계약자와의 관계 등을 수집, 이용하는 것에 동의하고, 위 정보를 PG사, 통신사에 제공함에 동의하십니까? (YES)
2. 동의하신 사항과 같은 목적으로 귀하의 주민등록번호를 처리하는데 동의하십니까? (YES)
3. 통신사 변경 등으로 보험료 결제 실패 시 회사가 새로운 통신사를 연결하여 기존 휴대전화 번호로 보험료를 계속 결제하는 것에 동의 하십니까?  (yes) 
자동이체 등록이 되면 통신사에서 승인 문자가 발송되니 참고 하시기 바랍니다.",,,주소나 연락처 변경은 어떻게 진행하면 되나요?,"본인인증은 어떻게 진행하며, 실패 시 어떻게 하면 되나요?",전체 처리가 완료되기까지 보통 얼마나 걸리나요?
,,5. 결제 안내,,"00월부터 매월 20일에 보험료 \--,---원이 등록한 휴대폰에서 소액결제 처리 되고, (20일만 선택 가능)
20일에 결제가 되지 않는 경우 해당월의 25일과 말일자에 재승인 요청 됩니다.
*변경 당시 해당 계약의 최종납월 이후 부터 소액결제 됨
(실시간 처리이므로, 결제일 20일 당일 변경 시에도 최종납월 기준으로 반영)
*전월 보험료 미납 있는 경우당 두 달 분 승인 안내",,,주소나 연락처 변경은 어떻게 진행하면 되나요?,본인확인 방법과 필요한 정보를 알려주세요.,전체 처리가 완료되기까지 보통 얼마나 걸리나요?
7,자동이체해지,1. 총 가입 건 수 안내 및 해지 요청 계약 확인,,,,,납입 계좌/카드 변경이나 등록은 어떻게 하면 되나요?,계좌/카드 정보는 어떤 항목을 준비하면 되나요?,적용 시점과 청구 일정은 어떻게 되나요?
,,"2. 자동이체 해지 사유 탐색 및 1차 반려 (자동이체 할인 미적용 / 매월 직접 납부 등)
2-1. (자동이체 해지 요청 시) 납부 예정일 확인",,"2-1. 실례지만~ 자동이체를 해지 하시는 사유가 어떻게 되십니까? 
자동이체를 중지 하시면 매월 보험료를 가상계좌로 입금하거나, 즉시이체 하는 방법으로 직접 납입 하셔야 하기 때문에 불편하실 수 있습니다. 
[2019.04.01일 이전 계약한 보장성보험] 또한 자동이체 이용에 따른 보험료 할인이 적용 되지 않는데 괜찮으십니까?
2-2. 혹시 납부 예정일이 어떻게 되십니까? (10, 15, 20, 25일 중 가까운 날짜로 선택 입력. 대답회피 또는 거절하는 경우 30일로 입력)",,,납입 계좌/카드 변경이나 등록은 어떻게 하면 되나요?,계좌/카드 정보는 어떤 항목을 준비하면 되나요?,전체 처리가 완료되기까지 보통 얼마나 걸리나요?
,,"3. (의무납입기간 경과 건) 저축성 상품은 해지환급금(or 적립금)에서 계약일에 월대체되며, 장기 미납 시 실효 가능 안내(해지 예정 건, 납입 중단 건도 포함)
3-1. 일반 상품, 의무납입기간 이전 저축성 상품 2개월 미납 시 실효가능 안내",,"3. 해당 상품은 보험료가 납입되지 않더라도 해지환급금(or 적립금)에서 매월 위험보험료와 보험유지비가 대체되면서 계약이 유지되며, 장기간 보험료 납입을 하지 않을 경우 대체할 수 있는 해지환급금(or 적립금)이 소진되어 보험효력이 상실(실효)될 수 있습니다.
3-1. 현재 O월분까지 납부되어 O월 분 보험료가 O월 말일까지 미납 될 경우, O월 1일자로 해당 보험 계약의 효력이 상실(실효)되오니 확인 부탁 드립니다.",,,납입 계좌/카드 변경이나 등록은 어떻게 하면 되나요?,계좌/카드 정보는 어떤 항목을 준비하면 되나요?,전체 처리가 완료되기까지 보통 얼마나 걸리나요?
,,"4-1. (기대출금 있는 경우) 보험계약대출금 이자 계좌 해지 여부 확인
4-2.2연체 휴대폰결제 서비스 등록 해제 안내",,"기존에 대출 이자 납부하시는 계좌도 자동이체 해지 하시겠습니까?
고객님 현재 이용 중이신 휴대폰 소액결제서비스도 자동으로 해지가 됩니다. ",,,주소나 연락처 변경은 어떻게 진행하면 되나요?,본인확인 방법과 필요한 정보를 알려주세요.,변경 반영은 언제부터 확인할 수 있나요?
,,5. (월 추가납입 건) 추가납입 분 출금 안 됨 안내,,현재 월 추가납입 등록되어 있으나 자동이체 해지시 동일하게 출금되지 않습니다.,,,납입 계좌/카드 변경이나 등록은 어떻게 하면 되나요?,계좌/카드 정보는 어떤 항목을 준비하면 되나요?,적용 시점과 청구 일정은 어떻게 되나요?
,,6. 자동이체일 전일 - 출금된 보험료 영업일 2~3일 이내 반환 안내,,자동이체 해지로 익일 보험료 출금될 경우 평일기준 2~3일 이내 반환가능합니다.,,,납입 계좌/카드 변경이나 등록은 어떻게 하면 되나요?,계좌/카드 정보는 어떤 항목을 준비하면 되나요?,전체 처리가 완료되기까지 보통 얼마나 걸리나요?
,,"7. 다른 납부 방법 안내 (자동이체 연결, 가상계좌, RTB) ",,"이 후 보험료 납부는 고객님의 입금전용계좌(가상 계좌)나 즉시이체를 통해 매월 말일까지 직접 납부 하실 수 있으며, 자동이체 재 연결 또한 가능 하오니 언제든지 연락 주시기 바랍니다.",,,납입 계좌/카드 변경이나 등록은 어떻게 하면 되나요?,계좌/카드 정보는 어떤 항목을 준비하면 되나요?,전체 처리가 완료되기까지 보통 얼마나 걸리나요?
,,8. 최종 납월 및 납입중단 적용 월 안내,,"현재 O월분 보험료까지 납입되었으며, O월부터는 자동이체 되지 않습니다.",,,납입 계좌/카드 변경이나 등록은 어떻게 하면 되나요?,계좌/카드 정보는 어떤 항목을 준비하면 되나요?,전체 처리가 완료되기까지 보통 얼마나 걸리나요?
,,※ (C->D 경우) 카드 후불결제 안내 ,,전월(당월) 보험료는 이미 카드로 승인되어 다음달 카드사 결제내역에 포함될 수 있으니 참고 바랍니다,,,납입 계좌/카드 변경이나 등록은 어떻게 하면 되나요?,계좌/카드 정보는 어떤 항목을 준비하면 되나요?,적용 시점과 청구 일정은 어떻게 되나요?
8,(의무납입기간 경과 건) 납입중지 신청,1. 총 계약 건 수 안내 및 해당 계약 건 확인,,,,,납입 계좌/카드 변경이나 등록은 어떻게 하면 되나요?,계좌/카드 정보는 어떤 항목을 준비하면 되나요?,적용 시점과 청구 일정은 어떻게 되나요?
,,2. 납입중단 적용 월 안내,,00월부터 보험료 납입이 중단 됩니다.,,,납입 계좌/카드 변경이나 등록은 어떻게 하면 되나요?,계좌/카드 정보는 어떤 항목을 준비하면 되나요?,적용 시점과 청구 일정은 어떻게 되나요?
,,3. 납입중단 시 월대체 및 보장가능 안내 ,,"보험료를 의무적으로 납입해야 하는 기간이 지났기 때문에 이후 보험료를 납입하지 않더라도 매월 계약일자가 되는 날 주계약 해지환급금(or 적립금)에서 위험보장에 필요한 보험료와 계약유지에 필요한 금액(월대체보험료)이 차감되어 사용되기 때문에, 보험사고에 대한 보장(보험금청구)이 가능합니다. ",,,납입 계좌/카드 변경이나 등록은 어떻게 하면 되나요?,계좌/카드 정보는 어떤 항목을 준비하면 되나요?,적용 시점과 청구 일정은 어떻게 되나요?
,,"4. 장기 중단 시 실효가능 안내
   (실효 시 부활 불가 건은 이에 대한 안내 포함)",,"대체 가능한 금액이 모두 없어지게 되면 실효되어 보장이 어렵고, 이 후에는 부활 신청을 하셔야 하오니 꼭 납입관리 꼭 부탁 드립니다.
(★단,  2014.09.30일까지 계약한「프라임변액평생설계보험」은 의무납입기간 60회차까지 납입이후 실효된 경우, 부활(효력회복)이 가능하지 않으므로 계약이 해지(실효)되지 않도록 관리 필요함 안내)",,,납입 계좌/카드 변경이나 등록은 어떻게 하면 되나요?,계좌/카드 정보는 어떤 항목을 준비하면 되나요?,적용 시점과 청구 일정은 어떻게 되나요?
9,일시납입중지 신청,1. 총 계약 건 수 안내 및 해당 계약 건 확인,,,,,납입 계좌/카드 변경이나 등록은 어떻게 하면 되나요?,계좌/카드 정보는 어떤 항목을 준비하면 되나요?,적용 시점과 청구 일정은 어떻게 되나요?
,,2. 일시납입중지 기간 확인,,,,,납입 계좌/카드 변경이나 등록은 어떻게 하면 되나요?,계좌/카드 정보는 어떤 항목을 준비하면 되나요?,적용 시점과 청구 일정은 어떻게 되나요?
,,3. 적용 월 안내,,현재 0월 보험료까지 납입되었기 때문에 일시 납입중지는 0월부터 가능합니다.,,,납입 계좌/카드 변경이나 등록은 어떻게 하면 되나요?,계좌/카드 정보는 어떤 항목을 준비하면 되나요?,적용 시점과 청구 일정은 어떻게 되나요?
,,4. 일시납입중지 시 월대체 및 보장가능 안내 ,,"매월 계약일자가 되는 날에는 이 계약의 주계약 해지환급금에서 보장을 위한 위험보험료와 계약 유지를 위한 금액(월대체보험료)이 차감되어 사용되기 때문에, 납입중지 기간 중에도 보험사고 발생 시에는 보험금 청구가 가능합니다.",,,납입 계좌/카드 변경이나 등록은 어떻게 하면 되나요?,계좌/카드 정보는 어떤 항목을 준비하면 되나요?,적용 시점과 청구 일정은 어떻게 되나요?
,,5. 해지환급금 감소 및 의무납입기간 연장(특약의 경우 해당 특약의 납입기간이 연장될 수 있음) 안내,,"대체 되는 금액 만큼 해지환급금은 줄어들 수 있고, 의무적으로 보험료를 납부해야 하는 기간과 납입완료 시점은 일시 납입중지 기간만큼 연기가 되는데요,",,,납입 계좌/카드 변경이나 등록은 어떻게 하면 되나요?,계좌/카드 정보는 어떤 항목을 준비하면 되나요?,적용 시점과 청구 일정은 어떻게 되나요?
,,6. 보험료 납입 및 추가납입 불가 안내,,"중도에 보험료 납입을 원하실 경우에는 다시 전화 주셔서 일시납입중지를 취소 하신 후에 보험료 납입이 가능하고요, (월추가납입 중인 계약은 월추가납입이 자동 중지 되므로, 차 후 다시 신청해야 합니다)",,,납입 계좌/카드 변경이나 등록은 어떻게 하면 되나요?,계좌/카드 정보는 어떤 항목을 준비하면 되나요?,적용 시점과 청구 일정은 어떻게 되나요?
,,7. 일시납입 중지 자동취소 가능 및 실효가능 안내,,"월대체 보험료 공제가 어려운 경우 납입중지는 자동 취소되고, 기존 자동이체 계좌로 보험료가 청구 될 수 있으세요, 그리고 혹시 2개월 연속으로 월대체가 되지 않을 경우 보험이 실효되어 보장이 어렵고, 이 후 부활 신청을 하셔야 하오니  꼭 확인 부탁 드립니다. ",,,납입 계좌/카드 변경이나 등록은 어떻게 하면 되나요?,계좌/카드 정보는 어떤 항목을 준비하면 되나요?,적용 시점과 청구 일정은 어떻게 되나요?
10,"실손보험료
환급 신청",1. 총 가입 건 수 안내 및 요청 계약 확인 ,,"고객님 앞으로 된 계약 총 O건의 계약 중, 실손 보험(or 특약)인 OOO보험계약이 해당사항이 있는데요~ ",,,이 업무는 어떻게 신청하면 되나요?,처리 시 필요한 정보나 서류가 무엇인가요?,처리 방법과 소요시간을 안내해 주세요.
,,"2. 해외 체류기간 확인 및 해당여부 안내
   ※ 3개월 이상 지속적으로 해외에 체류한 경우만 해당",,"실례지만, 고객님(피보험자)께서 해외에 머무신 기간이 언제부터 언제까지 이십니까?
그 기간동안 계속 연속해서 해외에 머무신 건가요?",,,이 업무는 어떻게 신청하면 되나요?,처리 시 필요한 정보나 서류가 무엇인가요?,처리 방법과 소요시간을 안내해 주세요.
,,3. 구비서류 안내,,먼저 OOO(피보험자)님의 출입국 사실증명서를 팩스로 보내주시면 확인 후에 접수 해드리겠습니다. ,,,증권/약관/증명서 발급은 어떻게 신청하면 되나요?,필요 서류 종류와 발급 기준을 알려주세요.,발급 완료까지 보통 몇 분 또는 며칠 걸리나요?
,,4. 환급 방법 안내,,"(계좌 납부건) 환급 받으실 고객님 명의의 계좌번호를 말씀 해주시겠습니까? 
(카드 납부건) 고객님, 카드로 납부한 보험료는 승인 취소 처리가 될 텐데요, 혹시 해당 카드의 승인 취소 처리가 어려운 경우에는 제가 다시 연락 드려서 진행을 도와드리겠습니다. 
(*단, 실손 특약 환급 건의 경우 현금 반환 되므로, 본인명의 계좌 확인)",,,납입 계좌/카드 변경이나 등록은 어떻게 하면 되나요?,"본인인증은 어떻게 진행하며, 실패 시 어떻게 하면 되나요?",적용 시점과 청구 일정은 어떻게 되나요?
,,5. 처리소요시간 안내,,"보내주실 서류가 확인 되는 대로 접수 진행 해드릴거고요, 처리되는 데 평일기준 14일 정도 걸릴 예정입니다. ",,,이 업무는 어떻게 신청하면 되나요?,필요 서류 종류와 발급 기준을 알려주세요.,전체 처리가 완료되기까지 보통 얼마나 걸리나요?
11,즉시출금,1. 즉시출금 요청 계약건 확인,,,,,납입 계좌/카드 변경이나 등록은 어떻게 하면 되나요?,계좌/카드 정보는 어떤 항목을 준비하면 되나요?,적용 시점과 청구 일정은 어떻게 되나요?
,,"2. 영업보험료 출금 안내 (출금 전 안내 필수)
2-1. 출금계좌(카드) '본인 명의’여부 확인 
본인 명의 계좌(카드,휴대폰) 아닐 경우 가능 범위 확인 
2-2. Black list 검증 대상자의 국적 및 영문명 확인
2-3. 출금계좌(카드) 은행(카드사)명/계좌(카드)번호 확인 
      자동이체 계좌(카드)가 아닌 경우 자동이체 변경 여부 확인",,"2. 즉시 출금할 금액은 영업보험료 00,000원입니다.
(자동이체 할인중인 계약만 출금 시_ 자동이체 할인이 적용되지 않음 안내)
2-1. 계약자님 본인계좌에서 출금 요청하십니까?
2-2.  (내국인인 경우) 당연하시겠지만 고객님 국적과 실제 거주하시는 곳은 동일하게 한국이시지요?
(외국인의 경우) 실례지만 고객님의 국적이 어떻게 되십니까? / 실제 거주하는곳도 동일하십니까? / 영문이름을 말씀해 주시겠습니까? 
2-3. 출금할 은행명과 계좌번호 말씀 부탁 드립니다.
(기 등록된 자동이체 처리 요청 시 : 매월 자동이체 중인 oo은행 ooo으로 끝나는 계좌에서 출금하는데 동의하십니까?)
※자동이체 계좌가 아닌 경우:  지금 요청하신 계좌로 자동이체도 변경해 드릴까요?
※자동이체 카드가 아닌 경우:  지금 요청하신 카드로 자동이체도 변경해 드릴까요?",,,주소나 연락처 변경은 어떻게 진행하면 되나요?,"본인인증은 어떻게 진행하며, 실패 시 어떻게 하면 되나요?",전체 처리가 완료되기까지 보통 얼마나 걸리나요?
,,"
3-1. 계좌 즉시출금 금결원 녹취 전송멘트
3-2. 휴대폰소액결제 출금은 납입 동의 녹취
",,"3-1 [계좌 RTB건_ 금융결재원 녹취 전송]
즉시출금 확인을 위한 ARS를 연결 해드리겠습니다. 요청하신 정보가 맞으면 1번 동의를 누르신 후 잠시 기다려 주시기 바랍니다. -> ARS연결
※ ARS사용 불가 시 녹취로 대체
   AIA생명에서 출금하는 계좌를 예금주 000님의 00은행, --------번 계좌로 요청하셨습니다. 맞으십니까? 
   (YES 답변 필수)
3-2 [휴대폰소액결제 출금]
1. ooo보험계약의 ___(업무) 관련으로, 납입자 신분확인을 위해 귀하의 성명, 통신사, 휴대폰번호, 생년월일, 성별, 내외국인 구분 정보, 계약자와의 관계 등을 수집, 이용하는 것에 동의하고, 위 정보를 PG사, 통신사에 제공함에 동의하십니까? (YES)
2. 동의하신 사항과 같은 목적으로 귀하의 주민등록번호를 처리하는데 동의하십니까? (YES)",,,주소나 연락처 변경은 어떻게 진행하면 되나요?,"본인인증은 어떻게 진행하며, 실패 시 어떻게 하면 되나요?",전체 처리가 완료되기까지 보통 얼마나 걸리나요?
,,"4. 자동이체 청구중일 경우 이중출금 우려 안내 (이중출금 시 자동반환 안내)
※ 전월보험료만 RTB시 자동이체된 당월분은 반환되지 않음",,"현재 자동이체 계좌로 이미 은행에 출금 요청이 된 상황으로, 잔고가 있을 경우 보험료가 두 번 납부될 우려가 
있습니다.",,,납입 계좌/카드 변경이나 등록은 어떻게 하면 되나요?,계좌/카드 정보는 어떤 항목을 준비하면 되나요?,적용 시점과 청구 일정은 어떻게 되나요?
,,5. 출금 결과와 귀속 월 안내,,00월분 보험료 출금 완료되었습니다.,,,납입 계좌/카드 변경이나 등록은 어떻게 하면 되나요?,계좌/카드 정보는 어떤 항목을 준비하면 되나요?,전체 처리가 완료되기까지 보통 얼마나 걸리나요?
12," 가상계좌 
등록 및 입금",1. 총 가입 건 수 안내 및 해당 계약건 & 입금 목적 확인 ,,,,,납입 계좌/카드 변경이나 등록은 어떻게 하면 되나요?,계좌/카드 정보는 어떤 항목을 준비하면 되나요?,적용 시점과 청구 일정은 어떻게 되나요?
,,2. 가상계좌 입금 금액 및 계약자 이름 입금 안내,,"입금하실금액은 영업보험료 총 00,000원이며, 계약자님의 성함으로 입금 부탁 드리겠습니다.",,,납입 계좌/카드 변경이나 등록은 어떻게 하면 되나요?,계좌/카드 정보는 어떤 항목을 준비하면 되나요?,적용 시점과 청구 일정은 어떻게 되나요?
,,3. 가상계좌번호 안내,,"가상계좌번호와 입금하실 금액은 고객님 휴대폰에 일림톡 (또는 문자)으로 보내 드리겠습니다.
(등록된 번호로만 발송 가능)",,,주소나 연락처 변경은 어떻게 진행하면 되나요?,접수 후 수령 방식은 어떻게 선택할 수 있나요?,변경 반영은 언제부터 확인할 수 있나요?
,,4. Black list 검증 대상자의 국적 및 영문명 확인,,"(내국인의 경우) 당연하시겠지만 고객님의 국적과 실제 거주하시는 곳은 동일하게 한국이시지요?
(외국인의 경우) 고객님 국적이 어떻게 되십니까? 실제 거주하시는 곳은 어떻게 되십니까? 영문이름 말씀 부탁 드립니다. ",,,납입 계좌/카드 변경이나 등록은 어떻게 하면 되나요?,계좌/카드 정보는 어떤 항목을 준비하면 되나요?,적용 시점과 청구 일정은 어떻게 되나요?
,,5. 자동이체 청구 중일 경우 이중출금 우려 안내,,현재 자동이체 청구중으로 계좌에 잔고있을 경우 이중 출금될 우려가 있습니다.,,,납입 계좌/카드 변경이나 등록은 어떻게 하면 되나요?,계좌/카드 정보는 어떤 항목을 준비하면 되나요?,적용 시점과 청구 일정은 어떻게 되나요?
,,6. 입금처리 안내,,"가상계좌는 안내받은 금액으로만 입금 처리 가능하며, 당일까지만 사용할 수 있는 계좌이기 때문에 익일부터는 가상계좌를 다시 발급 받으셔야 사용하실 수 있습니다. 가상계좌는 ARS 및 AIA+를 통해 쉽게 발급 받아보실 수 있으니 많은 이용 부탁 드립니다. ",,,증권/약관/증명서 발급은 어떻게 신청하면 되나요?,"본인인증은 어떻게 진행하며, 실패 시 어떻게 하면 되나요?",발급 완료까지 보통 몇 분 또는 며칠 걸리나요?
13, PUL 월 추가 납입,1. 총 계약 건 수 안내 및 해당 계약 건 확인,,,,,납입 계좌/카드 변경이나 등록은 어떻게 하면 되나요?,계좌/카드 정보는 어떤 항목을 준비하면 되나요?,적용 시점과 청구 일정은 어떻게 되나요?
,,"2. 계속보험료 자동 이체 해지 시 월 추가납부도 출금 안됨 안내  
2-1. 당월에 한해 재 청구 가능 안내
2-2. 추가 납입 보험료만은 재 청구 불가 안내  ",,"2. 차 후 자동이체 해지시 월 추가납입보험료도 출금되지 않으니 참고 바랍니다.
2-1. 지정한 이체일에 계속분 보험료 포함하여 출금되지 않은 경우 당월에 한해 추가 이체일에 계속분+추가납입 금액 재 청구 됩니다
2-2. 잔고부족으로 계속분 보험료만 출금된 경우, 월 추가납입 보험료는 재청구 되지 않습니다",,,납입 계좌/카드 변경이나 등록은 어떻게 하면 되나요?,계좌/카드 정보는 어떤 항목을 준비하면 되나요?,전체 처리가 완료되기까지 보통 얼마나 걸리나요?
,,3. 추가 납입 시 수금비(사업비) 공제 후 적립됨 안내 ,,,,,납입 계좌/카드 변경이나 등록은 어떻게 하면 되나요?,계좌/카드 정보는 어떤 항목을 준비하면 되나요?,적용 시점과 청구 일정은 어떻게 되나요?
14,"PUL/SUL
수시추가 납입",1. 총 계약 건 수 안내 및 해당 계약 건 확인,,,,,납입 계좌/카드 변경이나 등록은 어떻게 하면 되나요?,계좌/카드 정보는 어떤 항목을 준비하면 되나요?,적용 시점과 청구 일정은 어떻게 되나요?
,,2. 추가 납입 방법 안내,,즉시출금 또는 고객님의 입금전용계좌(가상계좌)로 추가납부 가능합니다. 어떻게 납부 하시겠습니까?,,,납입 계좌/카드 변경이나 등록은 어떻게 하면 되나요?,계좌/카드 정보는 어떤 항목을 준비하면 되나요?,전체 처리가 완료되기까지 보통 얼마나 걸리나요?
,,"
3. 추가 납입 시 사업비(수금비) 공제 후 적립됨 안내
4. 계좌 즉시출금 시 Black list 검증 대상자의 국적 및 영문명 확인
5. 계좌 즉시출금 시 금결원 녹취 전송멘트",,"3. [계좌 RTB건]
출금 가능한 고객님 명의의 계좌번호와 은행명 말씀 부탁 드릴게요
4. (내국인의 경우) 당연하시겠지만 고객님의 국적과 실제 거주하시는 곳은 동일하게 한국이시지요?
(외국인의 경우) 고객님 국적이 어떻게 되십니까? 실제 거주하시는 곳은 어떻게 되십니까? 영문이름 말씀 부탁 드립니다. 
5. [금융결재원 녹취 전송]
즉시출금 확인을 위한 ARS를 연결 해드리겠습니다. 요청하신 정보가 맞으면 1번 동의를 누르신 후 잠시 기다려 주시기 바랍니다. -> ARS연결
※ ARS사용 불가 시 녹취로 대체
   AIA생명에서 출금하는 계좌를 예금주 000님의 00은행, --------번 계좌로 요청하셨습니다. 맞으십니까? (YES 답변 필수)",,,납입 계좌/카드 변경이나 등록은 어떻게 하면 되나요?,"본인인증은 어떻게 진행하며, 실패 시 어떻게 하면 되나요?",전체 처리가 완료되기까지 보통 얼마나 걸리나요?
15,"(면대면채널)
VUL 추가 납입",1. 총 계약 건 수 안내 및 해당 계약 건 확인,,,,,납입 계좌/카드 변경이나 등록은 어떻게 하면 되나요?,계좌/카드 정보는 어떤 항목을 준비하면 되나요?,적용 시점과 청구 일정은 어떻게 되나요?
,,"2. 수시 or 월 추가 납입 가능 기간 여부 확인 및 추가 가능 금액 확인 안내
",,"추가 납입을 원하는 금액이 어떻게 되십니까? 
(월추가) 언제까지 월추가 납부를 하실 예정이십니까? 
※ 수시, 월 추가 납입 계약건 별 가능 조건 확인 필
※ (월추가) 보험료 납입방법이 계좌 자동이체(계약자 본인 계좌)인 경우에 한해 전화 신청 가능",,,납입 계좌/카드 변경이나 등록은 어떻게 하면 되나요?,"본인인증은 어떻게 진행하며, 실패 시 어떻게 하면 되나요?",적용 시점과 청구 일정은 어떻게 되나요?
,,"
3. 추가 납입 신청 및 납입 방법 안내 
4. 계좌 즉시출금 시 Black list 검증 대상자의 국적 및 영문명 확인
5. 계좌 즉시출금 시 금결원 녹취 전송멘트",,"
3. [계좌 RTB건]
출금 가능한 고객님 명의의 계좌번호와 은행명 말씀 부탁 드릴게요
4. (내국인의 경우) 당연하시겠지만 고객님의 국적과 실제 거주하시는 곳은 동일하게 한국이시지요?
(외국인의 경우) 고객님 국적이 어떻게 되십니까? 실제 거주하시는 곳은 어떻게 되십니까? 영문이름 말씀 부탁 드립니다. 
5. [금융결재원 녹취 전송]
즉시출금 확인을 위한 ARS를 연결 해드리겠습니다. 요청하신 정보가 맞으면 1번 동의를 누르신 후 잠시 기다려 주시기 바랍니다. -> ARS연결
※ ARS사용 불가 시 녹취로 대체
   AIA생명에서 출금하는 계좌를 예금주 000님의 00은행, --------번 계좌로 요청하셨습니다. 맞으십니까? (YES 답변 필수)",,,납입 계좌/카드 변경이나 등록은 어떻게 하면 되나요?,"본인인증은 어떻게 진행하며, 실패 시 어떻게 하면 되나요?",전체 처리가 완료되기까지 보통 얼마나 걸리나요?
,,"6. 계속보험료 자동 이체 해지 시 월 추가납부도 출금 안됨 안내  
6-1. 당월에 한해 재 청구 가능 안내 
6-2. 추가 납입 보험료만은 재 청구 불가 안내  ",,"6.  차 후 자동이체 해지시 월 추가납입보험료도 출금되지 않으니 참고 바랍니다.
6-1. 계속분 보험료와  월추가납입보험료 모두 이체일에 출금되지 않을 경우 해당 월 말까지 다음 이체일에 계속 청구 되겠습니다.
6-2. 잔고부족으로 계속분 보험료만 출금된 경우, 월 추가납입 보험료는 재청구 되지 않습니다",,,납입 계좌/카드 변경이나 등록은 어떻게 하면 되나요?,계좌/카드 정보는 어떤 항목을 준비하면 되나요?,전체 처리가 완료되기까지 보통 얼마나 걸리나요?
,,7. 추가 납입 시 사업비 공제 후 투입됨 안내 ,,,,,납입 계좌/카드 변경이나 등록은 어떻게 하면 되나요?,계좌/카드 정보는 어떤 항목을 준비하면 되나요?,적용 시점과 청구 일정은 어떻게 되나요?
,,8. 적용 종가 및 투입일자 안내,,납입하신 추가 보험료는 OO일 종가 기준으로 OO일 투입됩니다,,,납입 계좌/카드 변경이나 등록은 어떻게 하면 되나요?,계좌/카드 정보는 어떤 항목을 준비하면 되나요?,적용 시점과 청구 일정은 어떻게 되나요?
16,선납,1. 총 계약 건 수 안내 및 요청 계약 건 확인,,,,,이 업무는 어떻게 신청하면 되나요?,처리 시 필요한 정보나 서류가 무엇인가요?,처리 방법과 소요시간을 안내해 주세요.
,,2. 선납 개월 수 및 가능여부 확인,,"선납을 원하는 개월수가 어떻게 되십니까? 
※ 선납 요청 계약건 별 가능 조건 확인 필
※ 주계약+특약 함께 선납 필수 ",,,이 업무는 어떻게 신청하면 되나요?,처리 시 필요한 정보나 서류가 무엇인가요?,처리 방법과 소요시간을 안내해 주세요.
,,"3. 할인금액(or 이자부리) 및 처리금액 안내
    ※ 변액보험의 경우 종가적용일 안내",,"(보장성) 3개월 분 이상 보험료를 먼저 납부할 경우 할인이 적용 되고요, 해당 계약의 경우에는 oooo원을 할인 받아, 납부할 금액은 0000원이 됩니다. ",,,이 업무는 어떻게 신청하면 되나요?,처리 시 필요한 정보나 서류가 무엇인가요?,전체 처리가 완료되기까지 보통 얼마나 걸리나요?
,,"
4. 선납 방법 안내
5. 계좌 즉시출금 Black list 검증 대상자의 국적 및 영문명
6. 계좌 즉시출금 금결원 녹취 전송멘트
7. 휴대폰소액결제 출금은 납입 동의 녹취",,"4. 본인 계좌(카드,휴대폰)에서 즉시 출금도 가능하고, 회사로 직접 입금하는 전용계좌로 납부도 가능한데요, 어떻게 납부 하시겠습니까?
5. [계좌 RTB건]
출금 가능한 고객님 명의의 계좌번호와 은행명 말씀 부탁 드릴게요.
(내국인의 경우) 당연하시겠지만 고객님의 국적과 실제 거주하시는 곳은 동일하게 한국이시지요?
(외국인의 경우) 고객님 국적이 어떻게 되십니까? 실제 거주하시는 곳은 어떻게 되십니까? 영문이름 말씀 부탁 드립니다. 
6. [금융결재원 녹취 전송]
즉시출금 확인을 위한 ARS를 연결 해드리겠습니다. 요청하신 정보가 맞으면 1번 동의를 누르신 후 잠시 기다려 주시기 바랍니다. -> ARS연결
※ ARS사용 불가 시 녹취로 대체
   AIA생명에서 출금하는 계좌를 예금주 000님의 00은행, --------번 계좌로 요청하셨습니다. 맞으십니까? (YES 답변 필수)
7. [휴대폰소액결제 출금]
1. ooo보험계약의 ___(업무) 관련으로, 납입자 신분확인을 위해 귀하의 성명, 통신사, 휴대폰번호, 생년월일, 성별, 내외국인 구분 정보, 계약자와의 관계 등을 수집, 이용하는 것에 동의하고, 위 정보를 PG사, 통신사에 제공함에 동의하십니까? (YES)
2. 동의하신 사항과 같은 목적으로 귀하의 주민등록번호를 처리하는데 동의하십니까? (YES)",,,주소나 연락처 변경은 어떻게 진행하면 되나요?,"본인인증은 어떻게 진행하며, 실패 시 어떻게 하면 되나요?",전체 처리가 완료되기까지 보통 얼마나 걸리나요?
,,7. (VUL의 경우) 적용 종가 일자 안내,,미리 납부하는 보험료는 00일 종가(or기준가)가 적용 되겠습니다. ,,,이 업무는 어떻게 신청하면 되나요?,처리 시 필요한 정보나 서류가 무엇인가요?,처리 방법과 소요시간을 안내해 주세요.
17,"송금계좌등록
","1. 등록할 계좌 ""본인 명의"" 여부 확인",,송금계좌로 등록할 계좌는 고객님(계약자) 본인명의 맞으십니까?,,,납입 계좌/카드 변경이나 등록은 어떻게 하면 되나요?,"본인인증은 어떻게 진행하며, 실패 시 어떻게 하면 되나요?",적용 시점과 청구 일정은 어떻게 되나요?
,,"2. 휴대폰 본인인증 안내
※신분증 인증만 가능한 경우 IVOC 접수 후 가능
※ 3회 이상 인증 실패 시, 본인인증 5회 오류 시 당일 전화신청 불가 안내 ",,"혹시 고객님 사용하시는 휴대폰이 본인 명의이세요? (yes)
금융사고 예방을 위해 고객님 명의의 휴대폰을 통한 본인 인증 후 업무처리 진행을 해드릴텐데요~
먼저, 휴대폰본인확인 서비스 이용과 관련하여 고객님의 정보를 수집.이용.취급위탁하고, 고유식별정보를 처리 하는 것에 동의 하십니까? (동의 필수)",,,주소나 연락처 변경은 어떻게 진행하면 되나요?,"본인인증은 어떻게 진행하며, 실패 시 어떻게 하면 되나요?",변경 반영은 언제부터 확인할 수 있나요?
,,"3. Black list 검증 대상자의 국적 및 영문명
3-1. CDD & 실제 소유자 확인
",,"3. (내국인의 경우) 당연하시겠지만 고객님의 국적과 실제 거주하시는 곳은 동일하게 한국이시지요?
(외국인의 경우) 고객님 국적이 어떻게 되십니까? 실제 거주하시는 곳은 어떻게 되십니까? 영문이름 말씀 부탁 드립니다. 
3-1. 고객님 신분증의 발급일자를 말씀 해주시겠습니까?
실례지만 하시는 일이 어떻게 되십니까?(+직장명이 어떻게 되십니까?)
* 운전면허증의 경우 : 면허번호, 만료일자 확인
 이 계약의 실제 소유자가 [계약자명]님 맞으시죠? 
  → 아니오 인 경우: 실제 소유자 성명, 주민번호, 국적 확인
 실례지만, 하시는 일이 어떻게 되시는지요?(+직장명이 어떻게 되십니까?)",,,증권/약관/증명서 발급은 어떻게 신청하면 되나요?,필요 서류 종류와 발급 기준을 알려주세요.,전체 처리가 완료되기까지 보통 얼마나 걸리나요?
,,4. 송금계좌번호 확인,,"등록할 은행명과 계좌번호 말씀 해주시겠습니까? 
('예금주 주민번호=계약자 주민번호'인 경우 예금주 성명이 달라도 등록가능/ Ex-사업자명, 두음법칙)",,,납입 계좌/카드 변경이나 등록은 어떻게 하면 되나요?,계좌/카드 정보는 어떤 항목을 준비하면 되나요?,적용 시점과 청구 일정은 어떻게 되나요?
,,"5. 오늘 등록한 송금계좌는 ""당일 제지급 접수 불가” 함을 필수 안내",,"송금계좌 등록 되었습니다. (당일 등록 계좌 사용가능 업무: 중도, 만기, 연금, 배당)
(대출, 인출, 해약, 계약변경: 오늘 등록한 송금계좌는 당일 제지급 신청 시 사용할 수 없으므로 이 점 유의해 주시기 바랍니다.)",,,납입 계좌/카드 변경이나 등록은 어떻게 하면 되나요?,계좌/카드 정보는 어떤 항목을 준비하면 되나요?,전체 처리가 완료되기까지 보통 얼마나 걸리나요?
18,"자동송금신청
",1. 총 계약 건 수 안내 및 요청 계약 건 확인,,"말씀하신 OO계약에서 ___(배당금, 중도보험금, 연금, 자동중도인출)이 발생 되는데요, 
___의 자동송금 신청이 맞으십니까?(yes)",,,납입 계좌/카드 변경이나 등록은 어떻게 하면 되나요?,계좌/카드 정보는 어떤 항목을 준비하면 되나요?,적용 시점과 청구 일정은 어떻게 되나요?
,,"2. FATCA/CRS 확인
※ 미국인인 경우 W-9 form 원본접수로 인해 전화접수 불가
※ 미국 외 타국납세의무자인 경우 본인확인서 원본 팩스 징구",,"실례지만, 고객님 국적이 어떻게 되십니까? 
(내국인인 경우) 혹시, 다른 나라에 세금을 납부하는 것이 있으십니까?",,,납입 계좌/카드 변경이나 등록은 어떻게 하면 되나요?,계좌/카드 정보는 어떤 항목을 준비하면 되나요?,적용 시점과 청구 일정은 어떻게 되나요?
,,"3. 본인인증 (휴대폰 or 신분증) 안내 
※ 휴대폰 SMS 인증 시 본인인증 동의 필수
※ 3회이상 인증 실패 시, 본인인증 5회 오류 시 당일 전화신청 불가 안내",,"혹시 고객님 사용하시는 휴대폰이 본인 명의이세요? (yes)
금융사고 예방을 위해 고객님 명의의 휴대폰을 통한 본인 인증 후 업무처리 진행을 해드릴텐데요~
먼저, 휴대폰본인확인 서비스 이용과 관련하여 고객님의 정보를 수집.이용.취급위탁하고, 고유식별정보를 처리 하는 것에 동의 하십니까? (동의 필수)",,,주소나 연락처 변경은 어떻게 진행하면 되나요?,"본인인증은 어떻게 진행하며, 실패 시 어떻게 하면 되나요?",변경 반영은 언제부터 확인할 수 있나요?
,,"4 . Black list 검증 대상자의 국적 및 영문명
4-1. CDD & 실제 소유자 확인
",,"4. (내국인의 경우) 당연하시겠지만 고객님의 국적과 실제 거주하시는 곳은 동일하게 한국이시지요?
(외국인의 경우) 고객님 국적이 어떻게 되십니까? 실제 거주하시는 곳은 어떻게 되십니까? 영문이름 말씀 부탁 드립니다. 
4-1. 고객님 신분증의 발급일자를 말씀 해주시겠습니까?
* 운전면허증의 경우 : 면허번호, 만료일자 확인
실례지만 하시는 일이 어떻게 되십니까?(+직장명이 어떻게 되십니까?)
 이 계약의 실제 소유자가 [계약자명]님 맞으시죠? 
  → 아니오 인 경우: 실제 소유자 성명, 주민번호, 국적 확인
 실례지만, 하시는 일이 어떻게 되시는지요?(+직장명이 어떻게 되십니까?)",,,증권/약관/증명서 발급은 어떻게 신청하면 되나요?,필요 서류 종류와 발급 기준을 알려주세요.,전체 처리가 완료되기까지 보통 얼마나 걸리나요?
,,5. 자동송금계좌 확인,,"자동송금 시 지급 받으실 계좌는 등록 된 송금계좌로만 선택 가능한데요, 어떤 계좌로 설정 하시겠습니까? 
은행명과 계좌번호 확인 부탁 드립니다. (송금계좌확인)",,,납입 계좌/카드 변경이나 등록은 어떻게 하면 되나요?,계좌/카드 정보는 어떤 항목을 준비하면 되나요?,전체 처리가 완료되기까지 보통 얼마나 걸리나요?
,,6. 요청 건은 다음 발생 분부터 자동송금 됨 안내,,"말씀하신 OO계좌로 신청 완료 되었고요, ____금에 대해서는 다음 발생 분부터 자동송금 처리 되겠습니다. ",,,납입 계좌/카드 변경이나 등록은 어떻게 하면 되나요?,계좌/카드 정보는 어떤 항목을 준비하면 되나요?,전체 처리가 완료되기까지 보통 얼마나 걸리나요?
19,"보험계약대출 
신청","1. 대출 가능 계약 안내 및  대출 신청 계약 건 확인   
※ 만 65세 이상 고객의 경우 주소정보 추가확인",,,,,주소나 연락처 변경은 어떻게 진행하면 되나요?,본인확인 방법과 필요한 정보를 알려주세요.,변경 반영은 언제부터 확인할 수 있나요?
,,2. 대출 가능 금액 안내 및 신청 금액 확인 (당일 기준 or 이후 변동 가능 안내/VUL 상품 : 대출 가능 금액 매일 변동 안내),,"OO계약에서 당일 기준으로 OOO원 대출 가능한데요, 신청하실 금액은 어떻게 되십니까?",,,보험계약대출 신청은 어떻게 진행하면 되나요?,이자 계산 기준과 상환 조건을 알려주세요.,대출금 지급까지 소요되는 시간은 얼마인가요?
,,3. 기 대출금 있을 경우 기대출금에 대한 지급일 전일까지의 이자 공제 안내,,기 대출 받으신 금액에 대한 지급일 전일까지의 이자 공제 후 지급됩니다.,,,납입 계좌/카드 변경이나 등록은 어떻게 하면 되나요?,계좌/카드 정보는 어떤 항목을 준비하면 되나요?,전체 처리가 완료되기까지 보통 얼마나 걸리나요?
,,4. 변액 및 저축성 상품 대출 접수시 중도인출과 비교 안내,,"이 계약은 대출 또는 중도인출이 가능합니다. 계약대출은 원금과 이자를 상환해야 하지만 원금 상환 시 비용이 없고, 중도인출은 상환 의무가 없지만 차후 가능한 조건일 때 추가납입이 가능하지만 수금비 차감이 있으니 참고하여 이용하시기 바랍니다. 
★ 계약상태 ""완납""상태에서는 추가납입이 불가할 수 있으므로 상담 시 유의 
[변액 상품]
보험계약대출은 대출일을 기준으로 펀드 별 계약자적립금 비율에 따라 특별계정에서 일반계정으로 이체한 후 [보험계약대출이율-1.5%]로 부리 적립하게 됩니다. 즉, 대출금액은 특별계정 운영에서 제외되며 대출금 상환 시 수금비 공제 없이 다시 투입됩니다.
",,,납입 계좌/카드 변경이나 등록은 어떻게 하면 되나요?,계좌/카드 정보는 어떤 항목을 준비하면 되나요?,적용 시점과 청구 일정은 어떻게 되나요?
,,"5. 미지급된 배당금, 중도분할금, 연금 존재할 경우 해당 계약건과 금액 안내 후 신청 가능함 필수 안내",,,,,보험계약대출 신청은 어떻게 진행하면 되나요?,이자 계산 기준과 상환 조건을 알려주세요.,대출금 지급까지 소요되는 시간은 얼마인가요?
,,"6. 외화보험(USD,AUD) 대출의 경우 필수 안내
  * 해외사용 증빙서류: 송금증빙, 수입대금결재증빙, 해외투자증빙 등의 서류 
 ",,"외환상품의 계약대출의 경우, 외환관리법('한국은행의 외국환거래업무 취급세칙' 제2-9조)에 의거하여 해외송금 용도 외에는 외화대출이 가능하지 않습니다. 따라서, 당일(익일 지급 시, 익일)까지 사용에 대한 증빙서류를 제출 해주셔야 하는데, 괜찮으실까요? (yes)
",,,보험계약대출 신청은 어떻게 진행하면 되나요?,필요 서류 종류와 발급 기준을 알려주세요.,전체 처리가 완료되기까지 보통 얼마나 걸리나요?
,,7. 접수 전 확인 ( 신청 금액 및 접수 후 취소 불가 안내),,OO보험 계약 건에서 OO원 대출 신청 해드리겠습니다. 접수 후 취소는 가능하지 않습니다.,,,해지/취소 신청은 어떻게 하면 되나요?,해지 시 확인해야 할 조건이나 필요서류가 있나요?,환급금 지급 시점과 공제 항목을 알려주세요.
,,8. FATCA/CRS 확인,,"실례지만, 고객님 국적이 어떻게 되십니까? 
(내국인인 경우) 혹시, 다른 나라에 세금을 납부하는 것이 있으십니까?",,,보험계약대출 신청은 어떻게 진행하면 되나요?,이자 계산 기준과 상환 조건을 알려주세요.,대출금 지급까지 소요되는 시간은 얼마인가요?
,,"9. 본인 인증 방법 안내 
※ 휴대폰 SMS 인증 시 본인인증 동의 필수
※ 2,000만원 초과 건은 휴대폰 SMS인증만 가능
※ 3,000만원 초과 건은 휴대폰 SMS인증+신분증인증 모두 진행",,"혹시 고객님 사용하시는 휴대폰이 본인 명의이세요? (yes)
금융사고 예방을 위해 고객님 명의의 휴대폰을 통한 본인 인증 후 업무처리 진행을 해드릴텐데요~
먼저, 휴대폰본인확인 서비스 이용과 관련하여 고객님의 정보를 수집.이용.취급위탁하고, 고유식별정보를 처리 하는 것에 동의 하십니까? (동의 필수)",,,주소나 연락처 변경은 어떻게 진행하면 되나요?,"본인인증은 어떻게 진행하며, 실패 시 어떻게 하면 되나요?",변경 반영은 언제부터 확인할 수 있나요?
,,10. Black list 검증 대상자의 국적 및 영문명 확인 ,,"(내국인의 경우) 당연하시겠지만 고객님의 국적과 실제 거주하시는 곳은 동일하게 한국이시지요?
(외국인의 경우) 고객님 국적이 어떻게 되십니까? 실제 거주하시는 곳은 어떻게 되십니까? 영문이름 말씀 부탁 드립니다. ",,,보험계약대출 신청은 어떻게 진행하면 되나요?,이자 계산 기준과 상환 조건을 알려주세요.,대출금 지급까지 소요되는 시간은 얼마인가요?
,,11. CDD & 실제 소유자 확인,,"고객님 신분증의 발급일자를 말씀 해주시겠습니까?
* 운전면허증의 경우 : 면허번호, 만료일자 확인
실례지만 하시는 일이 어떻게 되십니까?(+직장명이 어떻게 되십니까?)
이 계약의 실제 소유자가 고객님 맞으시죠? (재질의 시 ""고객님 본인 의지로 계약을 하신게 맞으시죠 타인을 대리하시는게 아니시죠?)
  → 아니오 인 경우: 실제 소유자 성명, 주민번호, 국적 확인",,,증권/약관/증명서 발급은 어떻게 신청하면 되나요?,"본인인증은 어떻게 진행하며, 실패 시 어떻게 하면 되나요?",전체 처리가 완료되기까지 보통 얼마나 걸리나요?
,,"12. 약정서 안내 (약정서 내용 동의 필수)
※ 만 65세 이상 고객 대출청약철회권 안내 ",,"약정서 내용 참조
(만 65세 이상) 고객님 휴대폰으로 대출청약철회관련 안내 문자를 보내드리니, 확인하시고 궁금하신점이 있으면 문의 주시기 바랍니다~ ",,,주소나 연락처 변경은 어떻게 진행하면 되나요?,접수 후 수령 방식은 어떻게 선택할 수 있나요?,변경 반영은 언제부터 확인할 수 있나요?
,,※ 2024.90.30 이후 대출(신규/추가/재대출 모두 해당)의 경우 ,,"보험계약대출의 체결, 이행을 위해 고객님의 고유식별정보, 보험계약대출 정보 등을 수집/이용하며, 제3자인 신용정보집중기관(한국신용정보원) 등에 제공하며, 금융거래 안심차단 신청정보 등을 조회하여 거래 종료 후 최대 5년까지 보유/이용하는 것에  동의하십니까?(yes) ",,,보험계약대출 신청은 어떻게 진행하면 되나요?,"본인인증은 어떻게 진행하며, 실패 시 어떻게 하면 되나요?",대출금 지급까지 소요되는 시간은 얼마인가요?
,,통신채널,면대면채널,통신채널,면대면채널,,보험계약대출 신청은 어떻게 진행하면 되나요?,이자 계산 기준과 상환 조건을 알려주세요.,대출금 지급까지 소요되는 시간은 얼마인가요?
,,"13. 지급계좌 예금주,은행명,계좌번호 확인",14-1. 송금계좌 확인 ,"지급 받으실 계좌와 은행명, 예금주 확인 부탁 드립니다.","지급 받으실 계좌와 은행을 말씀 부탁 드립니다
(송금정보로 확인할 것)",,납입 계좌/카드 변경이나 등록은 어떻게 하면 되나요?,계좌/카드 정보는 어떤 항목을 준비하면 되나요?,전체 처리가 완료되기까지 보통 얼마나 걸리나요?
,,,14-2. 변액계약의 경우 종가에 따라 지급금액 변동 가능 안내  ,,"변액 상품은 펀드 또는 채권 등에 투자가 되기 때문에 대출을 신청하시면 해당 시점에서 펀드나 채권의 환매가 이루어지고, 기준가에 따라 금액이 확정되기 때문에 신청한 금액이 실제지급 확정 금액과 차이가 있을 수 있습니다.",,,,
,,"14. 대출 이자 이체계좌 예금주, 은행명, 계좌번호, 이체일 확인 및 적용월·일 안내
     ※ ‘미수이자 발생 가능' 시 안내 및 이체일 변경 권유
14-1. 금결원 녹취 전송멘트",,"15. 이자 납입은 자동이체로 등록 해주셔야 하는데요, 이체 계좌와 은행명을 말씀해 주시겠어요?
이체일자는 5, 10, 15, 20, 25, 말일 자 중에 선택하실 수 있는데, 며칠이 편하세요?
이자는 매월 OO일에 OO은행 계좌에서 자동이체 됩니다.
15-1.[금융결재원 녹취 전송]
자동이체 등록 확인을 위한 ARS를 연결 해드리겠습니다. 요청하신 정보가 맞으면 1번 동의를 누르신 후 잠시 기다려 주시기 바랍니다. -> ARS연결
※ ARS사용 불가 시 녹취로 대체
   AIA생명에서 출금하는 계좌를 예금주 000님의 00은행, --------번 계좌로 요청하셨습니다. 맞으십니까? (YES 답변 필수)",,,납입 계좌/카드 변경이나 등록은 어떻게 하면 되나요?,"본인인증은 어떻게 진행하며, 실패 시 어떻게 하면 되나요?",적용 시점과 청구 일정은 어떻게 되나요?
,,15. 지급시간 안내,,"접수가 완료되어 2시간 이내에(17:00:01이후 접수 : 익영업일 10시까지) 지급 될 예정이고, 대출이자는 매월 DD일에 자동이체 되겠습니다.",,,납입 계좌/카드 변경이나 등록은 어떻게 하면 되나요?,계좌/카드 정보는 어떤 항목을 준비하면 되나요?,전체 처리가 완료되기까지 보통 얼마나 걸리나요?
,,"(정액 상환 신청 시) 
16-1. 기 정액 상환 금액 있을 경우 상환 유지 여부 확인
16-2. 정액 상환 신규 신청 시 지정 이체일에 이자와 정액상환 합산 금액 출금에 대한 안내 ",,"17-1. 기존에 매월 O원씩 정액 상환 중이었는데요, 그대로 유지하시겠습니까?
17-2. 지정된 00일에 매월 이자와 원금 상환금액이 합산 출금됩니다. 혹시, 계좌에 잔액이 부족한 경우에는 출금이 가능한 금액까지만 부분출금이 되어 이자 -> 원금 순으로 처리 되는 점 참고 부탁 드립니다. ",,,납입 계좌/카드 변경이나 등록은 어떻게 하면 되나요?,계좌/카드 정보는 어떤 항목을 준비하면 되나요?,전체 처리가 완료되기까지 보통 얼마나 걸리나요?
20,APL(자동대출납입) 신청,1. 해당 계약 건 확인 (이용 가능 건 확인),,,,,납입 계좌/카드 변경이나 등록은 어떻게 하면 되나요?,계좌/카드 정보는 어떤 항목을 준비하면 되나요?,적용 시점과 청구 일정은 어떻게 되나요?
,,2. 대출 가능 금액 및 이율 안내,,"OOO보험의 대출 가능 범위 내에서 사용이 가능하시고요~, 오늘 기준으로 가능금액은 000원이고, 대출이율은 연 oo%입니다. ",,,납입 계좌/카드 변경이나 등록은 어떻게 하면 되나요?,계좌/카드 정보는 어떤 항목을 준비하면 되나요?,적용 시점과 청구 일정은 어떻게 되나요?
,,3. APL유지 기간 안내,,"자동대출납입제도는 최초 자동 대출 발생 월로부터 1년간 유효하고요, 1년 이후에는 재 신청을 하셔야 계속 사용하실 수 있습니다. ",,,납입 계좌/카드 변경이나 등록은 어떻게 하면 되나요?,계좌/카드 정보는 어떤 항목을 준비하면 되나요?,적용 시점과 청구 일정은 어떻게 되나요?
,,4. 약정서 안내,,약정서 내용 참조,,,납입 계좌/카드 변경이나 등록은 어떻게 하면 되나요?,계좌/카드 정보는 어떤 항목을 준비하면 되나요?,적용 시점과 청구 일정은 어떻게 되나요?
,,"5. 대출 이자 이체계좌 예금주,은행명,계좌번호,이체일 확인 및 적용월·일 안내
   ※ 대출 이자 ‘미수이자 발생 가능' 시 안내 및 이체일 변경 권유
5-1. 금결원 녹취 전송멘트",,"5. 이자 납입은 자동이체로 등록 해주셔야 하는데요, 이체 계좌와 은행명을 말씀해 주시겠어요?
이체일자는 10, 15, 20, 25, 말일 자 중에 선택하실 수 있는데, 며칠이 편하세요?
이자는 대출 발생 시 OO은행 계좌에서 OO일에 자동이체 됩니다.
5-1.[금융결재원 녹취 전송]
자동이체 등록 확인을 위한 ARS를 연결 해드리겠습니다. 요청하신 정보가 맞으면 1번 동의를 누르신 후 잠시 기다려 주시기 바랍니다. -> ARS연결
※ ARS사용 불가 시 녹취로 대체
   AIA생명에서 출금하는 계좌를 예금주 000님의 00은행, --------번 계좌로 요청하셨습니다. 맞으십니까? (YES 답변 필수)",,,납입 계좌/카드 변경이나 등록은 어떻게 하면 되나요?,"본인인증은 어떻게 진행하며, 실패 시 어떻게 하면 되나요?",적용 시점과 청구 일정은 어떻게 되나요?
,,6. 안내장 발송 안내,,첫 대출 발생 시 우편물 수령지(or 이메일 or 문자 안내장(LMS))로 보험계약대출안내장이 자동 발송 되겠습니다.,,,납입 계좌/카드 변경이나 등록은 어떻게 하면 되나요?,접수 후 수령 방식은 어떻게 선택할 수 있나요?,적용 시점과 청구 일정은 어떻게 되나요?
,,[자동이체 등록 건] 정상유지 여부 안내,,"현재 등록 된 보험료 자동이체 00은 그대로 유지되어, 매월 OO일에 청구 되오니 참고 부탁 드립니다.",,,납입 계좌/카드 변경이나 등록은 어떻게 하면 되나요?,계좌/카드 정보는 어떤 항목을 준비하면 되나요?,적용 시점과 청구 일정은 어떻게 되나요?
21,중도인출,"1. 중도인출 가능 계약 및 요청 계약 건 확인
※ 만 65세 이상 고객의 경우 주소정보 추가확인",,,,,주소나 연락처 변경은 어떻게 진행하면 되나요?,본인확인 방법과 필요한 정보를 알려주세요.,변경 반영은 언제부터 확인할 수 있나요?
,,"2. 가능 금액 안내 후 신청 금액 확인 
   (당일 기준금액 or 이후 변동가능 안내 / VUL 상품 : 인출 금액 매일 변동)",,"OO계약에서 당일 기준으로 OOO원 인출 가능한데요, 신청하실 금액은 어떻게 되십니까?",,,이 업무는 어떻게 신청하면 되나요?,처리 시 필요한 정보나 서류가 무엇인가요?,처리 방법과 소요시간을 안내해 주세요.
,,3. 변액 및 저축성 상품 중도인출 접수시 보험계약대출과 비교 안내,,"이 계약은 대출과 중도인출이 모두 가능한데요~ 계약대출은 원금과 이자를 상환하는 부분이 있지만 나중에 원금을 상환 하실 때 수금비라는 비용이 없고, 중도인출은 상환의 의무가 없습니다. 다만 차후 가능한 조건일 때 추가납입이 가능하지만 수금비 차감이 있을 수 있으니 참고 하셔서 이용하시기 바랍니다. 
★ 계약상태 ""완납"" 상태에서는 추가납입이 불가할 수 있으므로 상담 시 유의
",,,납입 계좌/카드 변경이나 등록은 어떻게 하면 되나요?,계좌/카드 정보는 어떤 항목을 준비하면 되나요?,전체 처리가 완료되기까지 보통 얼마나 걸리나요?
,,"4. 미지급된 배당금, 중도분할금, 연금 존재할 경우 해당 계약건과 금액 안내 후 신청 가능함 필수 안내",,,,,연금 신청/변경은 어떻게 하면 되나요?,연금 지급 방식과 선택 가능 항목을 알려주세요.,변경 또는 신청 후 적용 시점은 언제인가요?
,,5. 계약건 별 신청 가능 횟수 및 가능 기간 안내 ,,계약일을 기준으로 연 00회 신청 가능 합니다. ,,,이 업무는 어떻게 신청하면 되나요?,처리 시 필요한 정보나 서류가 무엇인가요?,처리 방법과 소요시간을 안내해 주세요.
,,6. 중도인출 후 적립금 감소 & 추가납부 시 수금비(사업비) 공제 후 적립됨 & 만기 시 지급액이 이미 납입한 보험료 보다 적을 수(원금손실) 있음 안내 ,,"중도인출을 할 경우 적립금의 일부를 출금 하는 것이기 때문에 그 만큼 적립금이 감소되어, 이 계약의 만기 시 지급받는 금액이 납입한 보험료 보다 적을 수 있는 점 참고 해주시기 바랍니다. (yes)",,,납입 계좌/카드 변경이나 등록은 어떻게 하면 되나요?,계좌/카드 정보는 어떤 항목을 준비하면 되나요?,전체 처리가 완료되기까지 보통 얼마나 걸리나요?
,,7. 접수 전 확인 ( 신청 금액 및 접수 후 취소 불가 안내),,OO보험 계약 건에서 OO원 중도인출 신청 해드리겠습니다. 접수 후 취소는 가능하지 않습니다.,,,해지/취소 신청은 어떻게 하면 되나요?,해지 시 확인해야 할 조건이나 필요서류가 있나요?,환급금 지급 시점과 공제 항목을 알려주세요.
,,8. FATCA/CRS 확인,,"실례지만, 고객님 국적이 어떻게 되십니까? 
(내국인인 경우) 혹시, 다른 나라에 세금을 납부하는 것이 있으십니까?",,,이 업무는 어떻게 신청하면 되나요?,처리 시 필요한 정보나 서류가 무엇인가요?,처리 방법과 소요시간을 안내해 주세요.
,,"9. 본인 인증 방법 안내 
※ 휴대폰 SMS 인증 시 본인인증 동의 필수
※ 2,000만원 초과 건은 휴대폰 SMS인증만 가능
※ 3,000만원 초과 건은 휴대폰 SMS인증+신분증인증 모두 진행",,"혹시 고객님 사용하시는 휴대폰이 본인 명의이세요? (yes)
금융사고 예방을 위해 고객님 명의의 휴대폰을 통한 본인 인증 후 업무처리 진행을 해드릴텐데요~
먼저, 휴대폰본인확인 서비스 이용과 관련하여 고객님의 정보를 수집.이용.취급위탁하고, 고유식별정보를 처리 하는 것에 동의 하십니까? (동의 필수)",,,주소나 연락처 변경은 어떻게 진행하면 되나요?,"본인인증은 어떻게 진행하며, 실패 시 어떻게 하면 되나요?",변경 반영은 언제부터 확인할 수 있나요?
,,10. Black list 검증 대상자의 국적 및 영문명 확인 ,,"(내국인의 경우) 실례지만 고객님 국적과 실제 거주하시는 곳은 동일하게 한국이시지요?
(외국인의 경우) 실례지만 고객님의 국적이 어떻게 되십니까? / 실제 거주하는곳도 동일하십니까?",,,이 업무는 어떻게 신청하면 되나요?,처리 시 필요한 정보나 서류가 무엇인가요?,처리 방법과 소요시간을 안내해 주세요.
,,11. CDD & 실제 소유자 확인,,"고객님 신분증의 발급일자를 말씀 해주시겠습니까?
* 운전면허증의 경우 : 면허번호,만료일자 확인
실례지만 하시는 일이 어떻게 되십니까?(+직장명이 어떻게 되십니까?)
이 계약의 실제 소유자가 고객님 맞으시죠? (재질의 시 ""고객님 본인 의지로 계약을 하신게 맞으시죠 타인을 대리하시는게 아니시죠?)
  → 아니오 인 경우: 실제 소유자 성명, 주민번호, 국적 확인",,,증권/약관/증명서 발급은 어떻게 신청하면 되나요?,"본인인증은 어떻게 진행하며, 실패 시 어떻게 하면 되나요?",전체 처리가 완료되기까지 보통 얼마나 걸리나요?
,,통신채널,면대면채널,통신채널,면대면채널,,이 업무는 어떻게 신청하면 되나요?,처리 시 필요한 정보나 서류가 무엇인가요?,처리 방법과 소요시간을 안내해 주세요.
,,"12. 지급계좌 예금주,은행명,계좌번호 확인",13-1. 송금계좌 확인 ,"지급 받으실 계약자 분의 은행명과 계좌번호 
말씀 부탁 드리겠습니다",지급 받으실 계좌와 은행을 말씀 부탁 드립니다 (송금정보로 확인할 것),,납입 계좌/카드 변경이나 등록은 어떻게 하면 되나요?,계좌/카드 정보는 어떤 항목을 준비하면 되나요?,전체 처리가 완료되기까지 보통 얼마나 걸리나요?
,,,13-2. 변액계약의 경우 종가에 따라 지급금액 변동 가능 안내  ,,변액 상품은 종가에 따라 실제 지급되는 금액은 차이가 있을 수 있습니다.,,,,
,,13. 중도인출 수수료 안내 (계약일 기준 연 4회 면제),,,,,이 업무는 어떻게 신청하면 되나요?,처리 시 필요한 정보나 서류가 무엇인가요?,처리 방법과 소요시간을 안내해 주세요.
,,14. 지급시간 안내,,신청하신 금액은 늦어도 ~OO내에 고객님의 계좌로 지급 됩니다. ,,,납입 계좌/카드 변경이나 등록은 어떻게 하면 되나요?,계좌/카드 정보는 어떤 항목을 준비하면 되나요?,전체 처리가 완료되기까지 보통 얼마나 걸리나요?
22,중도분할금 접수,"1. 중도분할금 가능 계약 안내 및 대상 건 확인
   ※ 중도분할금 지급시기 미 도래 건 계약일 이후 신청 가능 안내 (계약 건 별 지급조건 정확히 확인하여 안내)",,"고객님께서 가입한 OOO 보험은 (지급 조건 설명)에 OOO자금이 지급되는 상품이기 때문에, OO월 OO일 부터 신청이 가능합니다.",,,연금 신청/변경은 어떻게 하면 되나요?,연금 지급 방식과 선택 가능 항목을 알려주세요.,전체 처리가 완료되기까지 보통 얼마나 걸리나요?
,,2. 만기수익자≠피보험자일 경우 생존확인 서류 발송 안내 ,,"본 계약의 피보험자분과 전화상 본인확인 절차(신분증 인증)를 먼저 진행한 후 접수가 가능합니다. 피보험자 OOO님의 연락처를 말씀 해주시겠습니까? 
[피보험자 통화 거절시]
계약 해당일 이후에 발행 된 피보험자 OOO님의 기본증명서 또는 가족관계증명서를 팩스로 먼저 보내 주신 후 신청이 가능합니다. (가족관계증명서 발송 시 관련 없는 가족들의 정보는 지우고 보내주셔도 됩니다)",,,주소나 연락처 변경은 어떻게 진행하면 되나요?,"본인인증은 어떻게 진행하며, 실패 시 어떻게 하면 되나요?",전체 처리가 완료되기까지 보통 얼마나 걸리나요?
,,3. 접수 전 확인 ( 신청  및 접수 후 취소 불가 안내),,신청 해 드리겠습니다. 접수 후 취소는 가능하지 않습니다. ,,,해지/취소 신청은 어떻게 하면 되나요?,해지 시 확인해야 할 조건이나 필요서류가 있나요?,환급금 지급 시점과 공제 항목을 알려주세요.
,,"4. 본인 인증 방법 안내 
※ 휴대폰 SMS 인증 시 본인인증 동의 필수
※ 2,000만원 초과 건은 휴대폰 SMS인증만 가능",,,,,주소나 연락처 변경은 어떻게 진행하면 되나요?,본인확인 방법과 필요한 정보를 알려주세요.,변경 반영은 언제부터 확인할 수 있나요?
,,5. FATCA/CRS 확인,,"실례지만, 고객님 국적이 어떻게 되십니까? 
(내국인인 경우) 혹시, 다른 나라에 세금을 납부하는 것이 있으십니까?",,,이 업무는 어떻게 신청하면 되나요?,처리 시 필요한 정보나 서류가 무엇인가요?,처리 방법과 소요시간을 안내해 주세요.
,,6. Black list 검증 대상자의 국적 및 영문명 확인 ,,"(내국인의 경우) 실례지만 고객님 국적과 실제 거주하시는 곳은 동일하게 한국이시지요?
(외국인의 경우) 실례지만 고객님의 국적이 어떻게 되십니까? / 실제 거주하는곳도 동일하십니까?",,,이 업무는 어떻게 신청하면 되나요?,처리 시 필요한 정보나 서류가 무엇인가요?,처리 방법과 소요시간을 안내해 주세요.
,,7. CDD & 실제 소유자 확인,,"고객님 신분증의 발급일자를 말씀 해주시겠습니까?
* 운전면허증의 경우 : 면허번호, 만료일자 확인
실례지만 하시는 일이 어떻게 되십니까?(+직장명이 어떻게 되십니까?)
이 계약의 실제 소유자가 계약자ooo님 맞으시죠? (재질의 시 ""고객님 본인 의지로 계약을 하신게 맞으시죠 타인을 대리하시는게 아니시죠?)
  → 아니오 인 경우: 실제 소유자 성명, 주민번호, 국적 확인",,,증권/약관/증명서 발급은 어떻게 신청하면 되나요?,"본인인증은 어떻게 진행하며, 실패 시 어떻게 하면 되나요?",전체 처리가 완료되기까지 보통 얼마나 걸리나요?
,,"8. 지급계좌 예금주,은행명,계좌번호 확인",,지급 받으실 계좌와 은행 명 말씀 부탁 드립니다. (대면채널의 경우 송금정보만 가능),,,납입 계좌/카드 변경이나 등록은 어떻게 하면 되나요?,계좌/카드 정보는 어떤 항목을 준비하면 되나요?,전체 처리가 완료되기까지 보통 얼마나 걸리나요?
,,9. 지급시간 안내 ,,접수 완료되어 2시간 이내에(17:00:01 이후 접수 : 익영업일 10시까지) 지급될 예정입니다. ,,,연금 신청/변경은 어떻게 하면 되나요?,연금 지급 방식과 선택 가능 항목을 알려주세요.,전체 처리가 완료되기까지 보통 얼마나 걸리나요?
,,"※ 약관대출 건 존재 시, 중도분할금에서 일부 상환 후 지급됨 안내  ",,기존에 사용 중인 대출 원금의 일부와 이자 000원 상환 후 지급됩니다.,,,증권/약관/증명서 발급은 어떻게 신청하면 되나요?,수령 가능한 방식(문자/이메일/우편 등)을 알려주세요.,전체 처리가 완료되기까지 보통 얼마나 걸리나요?
,,10. 자동송금 등록안내,,"고객님, 앞으로 중도보험금 발생 시 이렇게 별도의 신청 없이도 지정한 계좌로 자동 지급될 수 있도록 자동송금을 신청해 드릴까요? 
(피보험자, 만기수익자 상이건은 신청불가)",,,납입 계좌/카드 변경이나 등록은 어떻게 하면 되나요?,계좌/카드 정보는 어떤 항목을 준비하면 되나요?,전체 처리가 완료되기까지 보통 얼마나 걸리나요?
23,청약 철회 ,1. 총 계약 건 수 안내 및 해당 계약 확인 (철회 가능 기간 확인 필수) ,,,,,이 업무는 어떻게 신청하면 되나요?,처리 시 필요한 정보나 서류가 무엇인가요?,처리 방법과 소요시간을 안내해 주세요.
,,2. 철회 사유 탐색 및 1차 반려  ,,실례지만 취소(청약철회)하시려는 사유가 어떻게 되세요~? / (사유에 맞는 철회 방어),,,해지/취소 신청은 어떻게 하면 되나요?,해지 시 확인해야 할 조건이나 필요서류가 있나요?,환급금 지급 시점과 공제 항목을 알려주세요.
,,"3. 철회 가능 기간 안내 
",,계약일로부터 OO일 이내 철회접수 가능합니다.,,,이 업무는 어떻게 신청하면 되나요?,처리 시 필요한 정보나 서류가 무엇인가요?,처리 방법과 소요시간을 안내해 주세요.
,,4. 바이탈리티 통합상품 관련 팝업 시 안내,,"▶마지막 FCIP 철회 시 안내
바이탈리티 회원 서비스도 함께 종료 됩니다. 납입하신 회비는 -->아래 경우에 따라 안내<--
 *회원가입 15일 이내인 경우: 납입한 회비 반환됩니다. 
 *회원가입 15일 경과된 경우: (리워드 사용이력 없는 경우) 납입한 회비는 반환됩니다. / 
                                        (리워드 사용이력 있는 경우) 회원 서비스는 유예해지로 종료 됩니다. 
  (※유예해지? 회비 최종납입월의 익월 회원가입일 전일까지 서비스제공 후 종료)
▶마지막 VIP 상품 철회 시 안내(바이탈리티 1.1 & FCIP 가입된 상태)
OOO계약을 철회하실 경우, 해당 계약의 바이탈리티 리워드 제공기간 동안 바이탈리티(FCIP) 유료 서비스 상품의 회비 면제기간이 종료되고 회비 납입이 시작되는 점 양지 부탁 드립니다. ",,,납입 계좌/카드 변경이나 등록은 어떻게 하면 되나요?,계좌/카드 정보는 어떤 항목을 준비하면 되나요?,적용 시점과 청구 일정은 어떻게 되나요?
,,"5. 청구권자 본인여부, 국적, 계약자 성명, 생년월일,영문명, 보험료 납부방법, 피보험자확인",,"1) 지금 신청하시는 분은 계약자 본인 맞으시죠?
2) 계약자님 성함과 생년월일 말씀 부탁드립니다.
3) 실례지만 고객님 국적과 실제 거주하시는 곳은 동일하게 한국이시지요?
   *(외국인의 경우) 고객님의 국적이 어떻게 되십니까? / 실제 거주하는곳도 동일하십니까?/영문이름을 말씀해 주시겠습니까? 
4) 피보험자 OOO님인 [     ]보험 총 N건 신청 하시는 게 맞으세요?
5) 해당 계약의 보험료는 어떤 방법으로 납입하기로 하셨어요?
6) 납입한 보험료는 청약 시 등록한 반환계좌로 지급 받으시겠어요? (※ 신용카드 납입일 경우 “해당카드 매출취소 처리됩니다.”)
   ※ 초회보험료 휴대폰 소액결제 시, 통신사 별 반환방법 상이   
    SKT, KT : 휴대폰 결제건 결제월 무관 전건 ""결제취소"" & LGU+, 알뜰폰 : 결제 당월 청약철회 시 ""결제취소"" 
    LGU+&알뜰폰 휴대폰 소액결제 결제 익월 접수 시: 납입하신 보험료 반환 받을 계약자 본인 계좌번호 말씀해 주시겠습니까? ",,,주소나 연락처 변경은 어떻게 진행하면 되나요?,"본인인증은 어떻게 진행하며, 실패 시 어떻게 하면 되나요?",전체 처리가 완료되기까지 보통 얼마나 걸리나요?
,,6. 지급시간 안내 ,,"<계좌 납부, 휴대폰 소액결제>
납부하신 보험료(초회 보험료)는 오늘을 포함해서 3영업일 이내에 반환 됩니다.
<신용카드 납부>
카드로 승인된 보험료는 승인 취소 처리 되서 고객님의 카드대금 청구 시 마이너스처리 될거구요, 승인취소 여부 확인을 원하신다면 평일기준 3일~7일 이 후에 해당 카드사로 확인하시면 됩니다",,,주소나 연락처 변경은 어떻게 진행하면 되나요?,본인확인 방법과 필요한 정보를 알려주세요.,전체 처리가 완료되기까지 보통 얼마나 걸리나요?
24,품질보증해지,"1. 품질보증해지 원하는 계약건 확인
※ 채널 구분없이 민원접수 ",,,,,해지/취소 신청은 어떻게 하면 되나요?,해지 시 확인해야 할 조건이나 필요서류가 있나요?,환급금 지급 시점과 공제 항목을 알려주세요.
,,2. 품질보증해지 사유 확인 및 1차 해지 방어,,"실례지만, 해지하시려는 사유가 어떻게 되십니까? / (사유에 맞는 품해지 방어)",,,해지/취소 신청은 어떻게 하면 되나요?,해지 시 확인해야 할 조건이나 필요서류가 있나요?,환급금 지급 시점과 공제 항목을 알려주세요.
,,"3. 품질보증해지 가능 기간, 사유인지 확인",," ① 청약서에 자필로 서명 하셨습니까?  (※자필서명 불 필요건의 경우 1번 질문 생략)
 ② 청약서 부본과 약관은 받으셨습니까? 
 ③ 약관상의 중요한 내용(보장개시일, 삭감조건 등)에 대해 충분한 안내 받으셨습니까?",,,증권/약관/증명서 발급은 어떻게 신청하면 되나요?,수령 가능한 방식(문자/이메일/우편 등)을 알려주세요.,전체 처리가 완료되기까지 보통 얼마나 걸리나요?
,,4. FATCA/CRS 확인,,"실례지만, 고객님 국적이 어떻게 되십니까? 
(내국인의 경우) 실례지만 고객님 국적과 실제 거주하시는 곳은 동일하게 한국이시지요?",,,해지/취소 신청은 어떻게 하면 되나요?,해지 시 확인해야 할 조건이나 필요서류가 있나요?,환급금 지급 시점과 공제 항목을 알려주세요.
,,통신채널,면대면채널,통신채널,면대면채널,,해지/취소 신청은 어떻게 하면 되나요?,해지 시 확인해야 할 조건이나 필요서류가 있나요?,환급금 지급 시점과 공제 항목을 알려주세요.
,,"5. (통신해지가능 ""Y""건) 통신수단을 이용한 계약해지 동의 여부 필수",,"고객님, 해당 보험계약의 청약 당시 통신수단을 이용한 계약 해지에 동의 해주신 것이 맞습니까? (yes답변 필수)",,,해지/취소 신청은 어떻게 하면 되나요?,"본인인증은 어떻게 진행하며, 실패 시 어떻게 하면 되나요?",환급금 지급 시점과 공제 항목을 알려주세요.
,,6. CDD & 실제 소유자 확인,,"고객님 신분증의 발급일자를 말씀 해주시겠습니까?
* 운전면허증의 경우 : 면허번호, 만료일자 확인
실례지만 하시는 일이 어떻게 되십니까?(+직장명이 어떻게 되십니까?)
이 계약의 실제 소유자가 고객님 맞으시죠? (재질의 시 ""고객님 본인 의지로 계약을 하신게 맞으시죠 타인을 대리하시는게 아니시죠?)
  → 아니오 인 경우: 실제 소유자 성명, 주민번호, 국적 확인",,,증권/약관/증명서 발급은 어떻게 신청하면 되나요?,"본인인증은 어떻게 진행하며, 실패 시 어떻게 하면 되나요?",전체 처리가 완료되기까지 보통 얼마나 걸리나요?
,,7. 자동이체 유지 의사(해지여부) 확인 ,,"현재 해당 계약 건의 경우 매월 O일자에 자동이체로 납입 중이신데요, 등록되어 있는 자동이체는 그대로 유지 하시겠습니까?",,,납입 계좌/카드 변경이나 등록은 어떻게 하면 되나요?,계좌/카드 정보는 어떤 항목을 준비하면 되나요?,적용 시점과 청구 일정은 어떻게 되나요?
,,"8. 반환 계좌 확인 (예금주,은행명,계좌번호)",,해지 시 납입 하신 보험료를 반환 받으실 수 있는 계약자 본인 명의의 계좌번호와 은행명을 말씀 해 주시겠습니까?,,,납입 계좌/카드 변경이나 등록은 어떻게 하면 되나요?,"본인인증은 어떻게 진행하며, 실패 시 어떻게 하면 되나요?",적용 시점과 청구 일정은 어떻게 되나요?
,,"9. 소요 기간 안내 및 연락처 확인 (주소, 전화번호)
",,"요청하신 계약 해지에 대한 결과는 평일기준으로 14일 정도 걸릴 수 있고요, 후속조치가 필요한 경우에는 고객센터에서 전화로 안내 해 드리고, 그렇지 않을 경우 해당부서에서 전화나 우편을 통해 안내 해드리도록 하겠습니다.
접수하신 내용에 대한 결과는 현재 등록되어 있는 OO주소, 휴대폰으로 연락 드리면 될까요?",,,주소나 연락처 변경은 어떻게 진행하면 되나요?,접수 후 수령 방식은 어떻게 선택할 수 있나요?,전체 처리가 완료되기까지 보통 얼마나 걸리나요?
25,해지접수,"1. 총 계약 건 수 안내 및 요청 계약 건 확인  
※ 만 65세 이상 고객의 경우 주소정보 추가확인",,,,,주소나 연락처 변경은 어떻게 진행하면 되나요?,본인확인 방법과 필요한 정보를 알려주세요.,변경 반영은 언제부터 확인할 수 있나요?
,,2. 해지 사유 확인 및 1차 반려 ,,"실례지만, 해지 하시려는 사유가 어떻게 되십니까? / (사유에 맞는 해지방어)",,,해지/취소 신청은 어떻게 하면 되나요?,해지 시 확인해야 할 조건이나 필요서류가 있나요?,환급금 지급 시점과 공제 항목을 알려주세요.
,,"3. 해지환급금 안내 (당일 기준 정확한 금액으로 안내)
 - VUL상품 : 종가변동에 따라 금액 매일 변동 안내 필수
 - 그 외 상품 : 당일 기준 금액 or 이후 금액 변동 가능 안내 필수",,"당일기준 해지환급금은 OO원 입니다
 - (기대출 존재)기 대출금과 전일까지 이자를 제외하고 오늘 기준 해지환급금은 OO원 입니다.
 - (VUL) 전일종가 기준이므로, 해지환급금 지급 시 종가에 따라 변동될 수 있습니다",,,납입 계좌/카드 변경이나 등록은 어떻게 하면 되나요?,계좌/카드 정보는 어떤 항목을 준비하면 되나요?,전체 처리가 완료되기까지 보통 얼마나 걸리나요?
,,4. (계약자≠수익자) 건 추가 해지절차 진행 ,,"증권소지 확인 or 수익자 해지 동의 녹취  
 - 보험수익자의 권익 보호를 위해 계약해지 전에 수익자의 동의를 얻거나 또는 해당 보험증권을 소지(증권발행 년월일 확인) 하고 있어야 해지접수가 가능합니다.",,,증권/약관/증명서 발급은 어떻게 신청하면 되나요?,"본인인증은 어떻게 진행하며, 실패 시 어떻게 하면 되나요?",발급 완료까지 보통 몇 분 또는 며칠 걸리나요?
,,5. 접수 전 확인 ( 신청  및 접수 후 취소 불가 안내),,해지 신청 해 드리겠습니다. 접수 후 취소는 가능하지 않습니다. ,,,해지/취소 신청은 어떻게 하면 되나요?,해지 시 확인해야 할 조건이나 필요서류가 있나요?,환급금 지급 시점과 공제 항목을 알려주세요.
,,6. FATCA/CRS 확인,,"실례지만, 고객님 국적이 어떻게 되십니까? 
(내국인인 경우) 혹시, 다른 나라에 세금을 납부하는 것이 있으십니까?",,,해지/취소 신청은 어떻게 하면 되나요?,해지 시 확인해야 할 조건이나 필요서류가 있나요?,환급금 지급 시점과 공제 항목을 알려주세요.
,,7. 자동이체 청구 중일 경우 '출금된 보험료 영업일 기준 2~3일내 자동반환' 안내,,"현재 자동이체 청구 중 이므로, 잔고가 있을 경우 계속분 보험료가 출금 될 수 있으며, 출금 된 보험료는 2~3영업일 이내로 자동반환 됩니다",,,납입 계좌/카드 변경이나 등록은 어떻게 하면 되나요?,계좌/카드 정보는 어떤 항목을 준비하면 되나요?,전체 처리가 완료되기까지 보통 얼마나 걸리나요?
,,※ (2022.02.18 통신채널 가입건) 통신수단을 이용한 계약해지 동의 여부 필수,,"고객님, 해당 보험계약의 청약 당시 통신수단을 이용한 계약 해지에 동의 해주신 것이 맞습니까? (yes답변 필수)",,,해지/취소 신청은 어떻게 하면 되나요?,"본인인증은 어떻게 진행하며, 실패 시 어떻게 하면 되나요?",환급금 지급 시점과 공제 항목을 알려주세요.
,,"8. 본인 인증 방법 안내 
※ 휴대폰 SMS 인증 시 본인인증 동의 필수
※ 2,000만원 초과 건은 휴대폰 SMS인증만 가능
※ 3,000만원 초과 건은 휴대폰 SMS인증+신분증인증 모두 진행",,"혹시 고객님 사용하시는 휴대폰이 본인 명의이세요? (yes)
금융사고 예방을 위해 고객님 명의의 휴대폰을 통한 본인 인증 후 업무처리 진행을 해드릴텐데요~
먼저, 휴대폰본인확인 서비스 이용과 관련하여 고객님의 정보를 수집.이용.취급위탁하고, 고유식별정보를 처리 하는 것에 동의 하십니까? (동의 필수)",,,주소나 연락처 변경은 어떻게 진행하면 되나요?,"본인인증은 어떻게 진행하며, 실패 시 어떻게 하면 되나요?",변경 반영은 언제부터 확인할 수 있나요?
,,9. Black list 검증 대상자의 국적 및 영문명 확인 ,,"(내국인의 경우) 실례지만 고객님 국적과 실제 거주하시는 곳은 동일하게 한국이시지요?
(외국인의 경우) 실례지만 고객님의 국적이 어떻게 되십니까? / 실제 거주하는곳도 동일하십니까?",,,해지/취소 신청은 어떻게 하면 되나요?,해지 시 확인해야 할 조건이나 필요서류가 있나요?,환급금 지급 시점과 공제 항목을 알려주세요.
,,10. CDD & 실제 소유자 확인,,"고객님 신분증의 발급일자를 말씀 해주시겠습니까?
* 운전면허증의 경우 : 면허번호, 만료일자 확인
실례지만 하시는 일이 어떻게 되십니까?(+직장명이 어떻게 되십니까?)
이 계약의 실제 소유자가 고객님 맞으시죠? (재질의 시 ""고객님 본인 의지로 계약을 하신게 맞으시죠 타인을 대리하시는게 아니시죠?)
  → 아니오 인 경우: 실제 소유자 성명, 주민번호, 국적 확인",,,증권/약관/증명서 발급은 어떻게 신청하면 되나요?,"본인인증은 어떻게 진행하며, 실패 시 어떻게 하면 되나요?",전체 처리가 완료되기까지 보통 얼마나 걸리나요?
,,11. (해지방어 대상건) 담당자 연락드릴 수 있음 안내,,해지 신청하신 계약의 담당 모집인(설계사 or 청약상담사)에게도 내용이 전달될 수 있는 점 양해 부탁 드립니다.,,,해지/취소 신청은 어떻게 하면 되나요?,해지 시 확인해야 할 조건이나 필요서류가 있나요?,환급금 지급 시점과 공제 항목을 알려주세요.
,,통신채널,면대면채널,통신채널,면대면채널,,해지/취소 신청은 어떻게 하면 되나요?,해지 시 확인해야 할 조건이나 필요서류가 있나요?,환급금 지급 시점과 공제 항목을 알려주세요.
,,"12.지급계좌 예금주,은행명,계좌번호 확인","14-1. 송금계좌 확인 
(실효 계약 해지 시 송금계좌 아닌 계약자 계좌로도 가능)","해지 환급금 지급 받으실 계약자 분의 은행명과 계좌번호 
말씀 부탁 드리겠습니다
 ※ 계약자 외 계좌로 지급요청한 경우 관계확인서류 첨부
",지급 받으실 계좌와 은행을 말씀 부탁 드립니다 (송금정보로 확인할 것),,납입 계좌/카드 변경이나 등록은 어떻게 하면 되나요?,필요 서류 종류와 발급 기준을 알려주세요.,전체 처리가 완료되기까지 보통 얼마나 걸리나요?
,,,14-2. 변액계약의 경우 종가에 따라 지급금액 변동 가능 안내  ,,변액 상품은 종가에 따라 실제 지급 금액은 접수금액과 다를 수 있습니다.,,,,
,,"13. (6개월 이내 신규 계약 건이 있는 경우) 비교안내 진행
 - 1개월 이내 : ACOS 시스텝에서 팝업되는 비교안내장 모두 안내
 - 2~6개월 이내 : 팝업되는 내용 안내 ",,,,,해지/취소 신청은 어떻게 하면 되나요?,해지 시 확인해야 할 조건이나 필요서류가 있나요?,환급금 지급 시점과 공제 항목을 알려주세요.
,,14. 무/저해지 해지환급금 안내 ,,"OOO보험은 납입기간 중 해지환급금이 (없는/적은) (무/저)해지환급형 상품으로 현재 해지환급금은 ---,---원 입니다. 
참고 하시도록 향후 경과기간별 예상 해지환급금을 안내하여 드리면,  
[예시표 참고]
계약일로부터 00년 시점의 해지환급금은 0000원으로 환급율 % / 00년에는 해지환급금 0000원으로 환급율 % 
/ 00년에는 해지환급금 0000원으로 환급율 % 입니다. 
현재 기준(금리연동형상품: 현재 공시이율)으로 가정한 금액이기에 향후 변동 될 수 있습니다. ",,,납입 계좌/카드 변경이나 등록은 어떻게 하면 되나요?,계좌/카드 정보는 어떤 항목을 준비하면 되나요?,적용 시점과 청구 일정은 어떻게 되나요?
,,15. 지급시간 안내,,해지 환급금 OO원은 OO시까지요청하신 계좌로 지급 될 예정입니다. ,,,납입 계좌/카드 변경이나 등록은 어떻게 하면 되나요?,계좌/카드 정보는 어떤 항목을 준비하면 되나요?,전체 처리가 완료되기까지 보통 얼마나 걸리나요?
,,"15-1. 계좌 자동이체 청구 중인 경우 보험료 반환여부 안내
15-2. 카드 승인일에 해지 시 승인 취소 여부 안내",,"당일 자동이체 청구 중으로 잔고가 있을 경우 보험료 출금될 수 있으며, 출금 된 보험료는 평일기준 2~3일 이내 반환 됩니다. ",,,납입 계좌/카드 변경이나 등록은 어떻게 하면 되나요?,계좌/카드 정보는 어떤 항목을 준비하면 되나요?,전체 처리가 완료되기까지 보통 얼마나 걸리나요?
,,※ (카드 자동이체 건)카드 후불결제 안내 ,,전월(당월) 보험료는 이미 카드로 승인되어 다음달 카드사 결제내역에 포함될 수 있으니 참고 바랍니다,,,납입 계좌/카드 변경이나 등록은 어떻게 하면 되나요?,계좌/카드 정보는 어떤 항목을 준비하면 되나요?,적용 시점과 청구 일정은 어떻게 되나요?
26,해지문의,1. 총 계약 건 수 안내 및 문의 계약 건 확인  ,,,,,해지/취소 신청은 어떻게 하면 되나요?,해지 시 확인해야 할 조건이나 필요서류가 있나요?,환급금 지급 시점과 공제 항목을 알려주세요.
,,2. 해지 방어 시도 시 해지 사유 문의 및 1차 반려 ,,"실례지만, 해지하시려는 사유가 어떻게 되십니까? / (사유에 맞는 해지방어)",,,해지/취소 신청은 어떻게 하면 되나요?,해지 시 확인해야 할 조건이나 필요서류가 있나요?,환급금 지급 시점과 공제 항목을 알려주세요.
,,"3. 계약일자 이후 해지 환급금 감소 안내
   (UL,PUL,VUL상품 / 일반상품 예납-선납 시 해당)
 ※해지환급금 안내시 
 - VUL상품 : 종가변동에 따라 금액 매일 변동 안내 필수
 - 그 외 상품 : 당일 기준 금액 or 이후 금액 변동 가능 안내 필수",,"(UL,PUL,VUL상품 기준) 계약일 이후 월대체가 이루어지므로 해지 환급금이 감소 될 수 있습니다
 ※해지환급금 안내시 
 - VUL상품 : 안내 해 드린 금액은 전일종가 이므로, 해지환급금 지급 시 종가에 따라 변동될 수 있습니다
 - 그 외 상품 : 당일 기준 해지환급금은 OO원 입니다. ",,,해지/취소 신청은 어떻게 하면 되나요?,해지 시 확인해야 할 조건이나 필요서류가 있나요?,전체 처리가 완료되기까지 보통 얼마나 걸리나요?
27,해지취소,1. 총 계약 건 수 안내 및 문의 계약 건 확인  ,,,,,해지/취소 신청은 어떻게 하면 되나요?,해지 시 확인해야 할 조건이나 필요서류가 있나요?,환급금 지급 시점과 공제 항목을 알려주세요.
,,"2. 해지취소 가능여부 확인
※ 과거 해지 후 취소 요청 이력 여부 확인 
※ 1회 이상 해지 후 취소한 이력이 있는 경우, 해지 취소 불가 안내",,스크립트 참조,,,해지/취소 신청은 어떻게 하면 되나요?,해지 시 확인해야 할 조건이나 필요서류가 있나요?,환급금 지급 시점과 공제 항목을 알려주세요.
,,3. 추후 동일 계약 해지취소 불가 안내(해지 취소 가능 건),,,,,해지/취소 신청은 어떻게 하면 되나요?,해지 시 확인해야 할 조건이나 필요서류가 있나요?,환급금 지급 시점과 공제 항목을 알려주세요.
28,"재단출연
휴면보험금
",1. 총 계약 건 수 안내 및 해당 계약 건 확인,,"고객님의 OO보험 계약에서 xx년 xx월에 발생한 ---금(해지환급금,만기환급금) 이 지급되지 않아 휴면보험금으로 남아 있었는데요, 현재는 휴면기간이 오래되어 휴면예금관리재단으로 출연된 상태입니다.",,,해지/취소 신청은 어떻게 하면 되나요?,해지 시 확인해야 할 조건이나 필요서류가 있나요?,전체 처리가 완료되기까지 보통 얼마나 걸리나요?
,,"2. 본인인증( 휴대폰 or 신분증) 안내
※ 휴대폰 SMS 인증 시 본인인증 동의 필수",,"혹시 고객님 사용하시는 휴대폰이 본인 명의이세요? (yes)
금융사고 예방을 위해 고객님 명의의 휴대폰을 통한 본인 인증 후 업무처리 진행을 해드릴텐데요~
먼저, 휴대폰본인확인 서비스 이용과 관련하여 고객님의 정보를 수집.이용.취급위탁하고, 고유식별정보를 처리 하는 것에 동의 하십니까? (동의 필수)",,,주소나 연락처 변경은 어떻게 진행하면 되나요?,"본인인증은 어떻게 진행하며, 실패 시 어떻게 하면 되나요?",변경 반영은 언제부터 확인할 수 있나요?
,,"3. 지급계좌 예금주, 은행명, 계좌번호 확인",,"지급 받으실 계좌는 고객님 본인 명의 계좌만 가능합니다. 받으실 은행명, 계좌번호 말씀 해주시겠습니까?",,,납입 계좌/카드 변경이나 등록은 어떻게 하면 되나요?,"본인인증은 어떻게 진행하며, 실패 시 어떻게 하면 되나요?",전체 처리가 완료되기까지 보통 얼마나 걸리나요?
,,4. 지급 시간 안내,,"신청하신 휴면보험금 000,000원 신청 접수 되었습니다. 지급 시까지 평일 기준 1~2일 정도 소요 됩니다.",,,보험금 청구 접수는 어떻게 하면 되나요?,진단서 등 필요 서류 기준을 구체적으로 알려주세요.,전체 처리가 완료되기까지 보통 얼마나 걸리나요?
29,자동부활,1. 총 가입 건 수 안내 및 부활 계약건 확인 (자동부활 대상 여부 확인),,,,,이 업무는 어떻게 신청하면 되나요?,처리 시 필요한 정보나 서류가 무엇인가요?,처리 방법과 소요시간을 안내해 주세요.
,,2. 실효상태 안내 (미납 월 및 실효일자 안내),," *****(보장사항) 보장 해드리는 OO계약이 OO월(최종납) 이후 보험료가 납입되지 않아, O월 1일자로 보장이 되지 않는 상태(효력상실)이네요~
하지만 다행히! 지금은 미납 보험료만 납입되면 복잡한 절차없이! 오늘부터 즉시 실효되기 전과 똑같이 보장을 받으실 수 있으세요. 
고객님 계좌나 카드(해당 상품만)로 지금 납입처리 해드릴까요? (가상계좌 가능)
*신용카드 결제 시 할부 납입도 가능 하세요~ (다만 할부이자는 고객 부담)",,,납입 계좌/카드 변경이나 등록은 어떻게 하면 되나요?,계좌/카드 정보는 어떤 항목을 준비하면 되나요?,전체 처리가 완료되기까지 보통 얼마나 걸리나요?
,,3. VDIP계약 부활시 바이탈리티 1.1 회원 가입 진행,,"바이탈리티 1.1회원 가입 진행도 함께 해드릴까요? (1.1회원 유지 시 주간 리워드, 등급리워드, 보험료 할인 혜택 등도 계속 받으실 수 있습니다)
 ▶YES인 경우: 피보험자와 1.1가입 진행 + ""회원 재가입 후 보험계약 부활을 취소하시는 경우에는 1.1회비는 반환되지 않고 익월 O일(회원가입해당일 전일)까지 바이탈리티 리워드 혜택을 받으시고 해지 되오니 참고 부탁 드립니다.""",,,해지/취소 신청은 어떻게 하면 되나요?,해지 시 확인해야 할 조건이나 필요서류가 있나요?,환급금 지급 시점과 공제 항목을 알려주세요.
,,※ [계약자 ≠ 수익자]건 수익자 연락처 확인 후 아웃바운드 진행 및 연락처 확인 거절 시 필수멘트 진행,,"보험금을 받는 수익자 000님께도 안내가 이루어져야 처리가 가능하기 때문에요, 000님께 연락 가능한 전화번호말씀 해주시겠어요? (이후 거절시 스크립트 참고하여 안내)",,,주소나 연락처 변경은 어떻게 진행하면 되나요?,본인확인 방법과 필요한 정보를 알려주세요.,변경 반영은 언제부터 확인할 수 있나요?
,,"4. 부활 가능 금액 및 해당월 안내
4-1. 부활보험료 입금 방법 및 계속보험료 납입방법 안내
4-2. 계좌 즉시출금시 금결원 녹취 전송멘트 및 블랙리스트 검증",,"납입하실 금액은 당월분 보험료를 포함한 \000,000원 또는 전월분 보험료까지인 \000,000원을 납입하실 수 있습니다.  
(즉시납입 하는 경우) RTB 처리 기준에 따라 진행 후, 다음 안내
O월부터 보험료는 기존처럼 등록 된 OO은행에서 OO일에 자동이체로 납입 하시겠습니까? (or O월부터 보험료는 어떤 방법으로 납입 하시겠습니까?)
※ 전월보험료 까지만 납입하는 경우 ""미납 안내"" 필수 
※ 보장성보험 中 대출가능 계약에 한해서 APL 홍보 (추가 응대멘트 참고)",,,납입 계좌/카드 변경이나 등록은 어떻게 하면 되나요?,계좌/카드 정보는 어떤 항목을 준비하면 되나요?,전체 처리가 완료되기까지 보통 얼마나 걸리나요?
,,6. 부활 미처리 건 필수 안내,,"[실효월 포함 +4개월 까지 가능 건]
네~ 고객님, 당월 말일(휴일은 익영업일)까지 미납보험료 납입만으로 정상유지가 가능합니다. 
당월 말일(휴일은 익영업일)까지 미납된 보험료를 납입하지 않으실 경우, 보험의 실효가 확정되어 약정된 보험의 혜택을 받을 수 없게 됩니다. 
다만, 이 경우 실효된 0월 1일부터 3년 이내에는 일반부활 신청이 가능하며, 일반부활 시에는 부활보험료 및 연체이자 납입과 함께 청약서 작성 후 부활심사를 거쳐야 하고, 심사 결과((피험자의 건강상태 직업 등)에 따라 부활이 거절 될 수 있사오니 가급적 빠른 결정 하시어 연락 부탁 드립니다.
[안내일로부터 15일 이내 가능건]
(계약자=수익자) 저와 통화하신 날을 포함하여 15일이내 까지는 미납보험료 납입만으로 정상유지가 가능합니다. 
(계약자≠수익자) 고객님 또는 수익자께서 안내장을 수령하신 날을 포함해서(가장 늦게 수령한 날 기준)15일 이내 까지는 미납보험료 납입만으로 정상유지가 가능합니다.
안내일(or 해지안내장을 받아보신 날)로부터 15일(휴일포함)이내에 미납된 보험료를 납입하지 않으실 경우, 
말씀드린 15일의 다음 날 보험의 실효가 확정되어 약정된 보험의 혜택을 받을 수 없게 됩니다. 
다만, 이 경우 실효된 0월 1일부터 3년 이내에는 일반부활 신청이 가능하며, 일반부활 시에는 부활보험료 및 연체이자 납입과 함께 청약서 작성 후 부활심사를 거쳐야 하고, 심사 결과((피험자의 건강상태 직업 등)에 따라 부활이 거절 될 수 있사오니 가급적 빠른 결정 하시어 연락 부탁 드립니다.",,,납입 계좌/카드 변경이나 등록은 어떻게 하면 되나요?,접수 후 수령 방식은 어떻게 선택할 수 있나요?,적용 시점과 청구 일정은 어떻게 되나요?
30,일반부활,1. 총 가입 건 수 안내 및 부활 계약건 확인,,,,,이 업무는 어떻게 신청하면 되나요?,처리 시 필요한 정보나 서류가 무엇인가요?,처리 방법과 소요시간을 안내해 주세요.
,,2. 부활가능기간 안내 ,,"고객님의 OO 계약은 O월1일자로 실효가 되었기 때문에 3년 이내인 O월O일까지 부활 접수가 가능합니다.
※ 2014.12.31일 이전 실효 건 부활가능기간: 실효일 기준 2년 이내
   2015.1.1일 이후 실효 건 부활가능기간: 실효일 기준 3년 이내",,,이 업무는 어떻게 신청하면 되나요?,처리 시 필요한 정보나 서류가 무엇인가요?,처리 방법과 소요시간을 안내해 주세요.
,,통신채널,면대면채널,통신채널,면대면채널,,이 업무는 어떻게 신청하면 되나요?,처리 시 필요한 정보나 서류가 무엇인가요?,처리 방법과 소요시간을 안내해 주세요.
,,3. 부활절차 안내,"3. 부활 절차 문의 시 안내 
- 계,피 상이건/미성년 계약 주의(청약서 작성, 연체이자, 심사 후 부활 여부 결정-거절 가능 안내)
3-1. 부활 신청 방법 안내","부활을 위한 전화 통화 녹취를 하신 후 부활보험료를 납부 해주시면 부활 심사를 거쳐서 부활 여부가 결정됩니다.
※ (책임 개시일 적용 특약 있을 시) 일반 부활의 경우 책임 개시일 적용됨 안내","일반 부활 신청서를 작성 하시고 부활보험료를 가상계좌로 입금하시면, 부활 심사를 거쳐 부활 여부가 결정됩니다. 
(계,피 상이건/미성년 계약 주의하여 상황에 맞춰 안내)
고객님의 담당 설계사(마스터 플래너)를 통해 또는 직접 지점을 방문 하시면 신청이 가능합니다.",,이 업무는 어떻게 신청하면 되나요?,처리 시 필요한 정보나 서류가 무엇인가요?,처리 방법과 소요시간을 안내해 주세요.
,,,,,,,,,
,,4. 부활보험료 안내 시 연체이자 포함되어 매일 금액 변동 됨 안내,,"오늘 기준 부활 보험료는 연체이자 포함하여 총 OOO, OOO원 이고요, 0월 보험료까지 계산되었습니다. 이 금액은 매일 변동 되기 때문에 실제로 부활 처리 하실 때 다시 한번 확인 부탁 드립니다.
(계약일 이전 : 전월 보험료까지 / 계약일 이후 : 당월 보험료까지 계산 됨)",,,이 업무는 어떻게 신청하면 되나요?,처리 시 필요한 정보나 서류가 무엇인가요?,처리 방법과 소요시간을 안내해 주세요.
31,보험금청구,"1. 인입 고객 파악 및 해당 계약 건 확인 
 (계약 관련자 및 계약자와의 관계/""계,피,납,수"" 의 경우 정보확인 필수)
1-1. 제3자 인입 시 ""계약자/피보험자/해당 수익자 본인이 직접 확인"" 필수 안내",,"(제3자 인입 시)지금 안내 해드릴 수 있는 사항은 보험금 청구에 관한 기본적인 서류로 실제 계약 건에 따라 구비서류가 일부 다를 수 있습니다. 괜찮으십니까? 
번거로우시더라도 청구 접수 하시기 전에 반드시 계약자님(or 피보험자 or 수익자)께서 직접 전화 주시어 계약 사항 및 보장 여부에 관해 정확히 확인 해주시기 바랍니다.",,,보험금 청구 접수는 어떻게 하면 되나요?,필요 서류 종류와 발급 기준을 알려주세요.,심사와 지급까지 예상 기간은 어떻게 되나요?
,,"2. 보험금 청구사유 확인(부담보/질병-재해/입원-수술 확인)
2-1. 실손 - 질병-재해/입원-통원 확인 (통원의 경우 금액과 처방조제 탐색)
            -  실손 보험금 청구서류 접수 대행 서비스 안내
            - 기본공제금액 및 보장한도 안내
 *재해로 인한 경우 사고 원인 확인",,"실례지만 어떤 수술을 하셨는지 진단명과 수술명, 수술일자(사고일자) 확인 가능하십니까?
  -> 어떤 사고였습니까?",,,보험금 청구 접수는 어떻게 하면 되나요?,진단서 등 필요 서류 기준을 구체적으로 알려주세요.,심사와 지급까지 예상 기간은 어떻게 되나요?
,,3. 보험사고일 및 보험사고 대상자 확인 ,,보험대상자 OOO님께서 언제 수술을 받으셨나요?,,,보험금 청구 접수는 어떻게 하면 되나요?,진단서 등 필요 서류 기준을 구체적으로 알려주세요.,심사와 지급까지 예상 기간은 어떻게 되나요?
,,4. 청구내용 외 입원/수술/골절/진단 여부 확인,,혹시 입원도 하셨습니까?,,,보험금 청구 접수는 어떻게 하면 되나요?,진단서 등 필요 서류 기준을 구체적으로 알려주세요.,심사와 지급까지 예상 기간은 어떻게 되나요?
,,"5. 수익자 FATCA/CRS 확인 & 실소유자 확인(사망보험금 청구건만 해당)
※ 외국인/타국납세의무자의 경우 추가 서류 안내",,"실례지만, 보험금을 받는 분(모든 수익자)의 국적이 어떻게 되십니까? 
[저축성 보험의 사망수익자가] 혹시 다른 나라에 세금을 납부하는 것이 있으십니까? 
[사망보험금 청구건만 해당] 청구하실 보험의 계약자가 해당 계약의 실소유자가 맞으신가요? (네)",,,보험금 청구 접수는 어떻게 하면 되나요?,진단서 등 필요 서류 기준을 구체적으로 알려주세요.,전체 처리가 완료되기까지 보통 얼마나 걸리나요?
,,6. 청구방법 및 보험금 청구서 수령 방법 안내,,,,,보험금 청구 접수는 어떻게 하면 되나요?,진단서 등 필요 서류 기준을 구체적으로 알려주세요.,심사와 지급까지 예상 기간은 어떻게 되나요?
,,"7. 구비서류 안내 (서류 원본 발송 안내)
  *진단서 : 진단명, 코드번호, 수술일자, 수술명, 입퇴원기간 기재 필수 
  *재해일 경우 사고사실확인서 or 보험금청구서에 6하원칙에 의거하여 기재 필수
",,스크립트 참조,,,보험금 청구 접수는 어떻게 하면 되나요?,진단서 등 필요 서류 기준을 구체적으로 알려주세요.,심사와 지급까지 예상 기간은 어떻게 되나요?
,,8. 보험금청구 서류 접수 방법 안내,,"보험금신청은 휴대폰으로 병원서류만 사진 찍어서 올리면 간단하게 신청이 가능한데요. 
고객님 휴대폰에서 바로 신청 하실 수 있고, 또는 전화상으로 대신 접수도 가능합니다. 어떤 방법이 좋으세요? 
1) [AIA+ 접수 안내] 피보험자, 수익자 동일/상이여부 무관하게 청구가능
2) [ACOS 유선접수 안내] 피보험자, 수익자 동일한 경우 가능",,,주소나 연락처 변경은 어떻게 진행하면 되나요?,필요 서류 종류와 발급 기준을 알려주세요.,변경 반영은 언제부터 확인할 수 있나요?
,,"9. 필수안내(신청서 작성 및 청구단계 관련 안내)
  *개인신용정보제공 및 조회동의서 작성 
  *보험금 청구 단계/ 심사 후 지급여부 결정/ 추가서류 발생 가능/ 수익자연락처 기재 안내",,"<우편 안내 건 필수안내>
보험금청구서와 개인정보처리동의서 작성 하실 때, ""필수 기재"" 항목 작성이 누락될 경우 접수가 가능하지 않기 때문에 꼼꼼한 기재 부탁 드리고요. 특히, 개인정보처리동의서에 피보험자와 수익자 두 분의 서명이 없을 경우 보험금 청구 접수가 불가 하오니 모든 항목에 반드시 동의 체크하신 후 두 분 모두 서명 해주시길 부탁 드립니다.",,,주소나 연락처 변경은 어떻게 진행하면 되나요?,"본인인증은 어떻게 진행하며, 실패 시 어떻게 하면 되나요?",전체 처리가 완료되기까지 보통 얼마나 걸리나요?
,,"※ 팩스 접수 시 필수 안내사항 
  *심사 후 보장금액이 500만원 초과될 경우 진단서류 원본 보완 요청 및 해당 병원으로
    청구서류의 기재내용 유선 확인 가능 
  *위/변조 사실이 있을 경우 청구권이 소멸되거나 보험계약이 해지될 수 있음 
  *보험금청구서 상 SMS 수신 동의 체크
",,스크립트 참조,,,해지/취소 신청은 어떻게 하면 되나요?,해지 시 확인해야 할 조건이나 필요서류가 있나요?,환급금 지급 시점과 공제 항목을 알려주세요.
,," ※ 가입 상품의 종류, 부담보 여부, 특약, 계약일, 피보험자 성별에 따라 보장여부 달라질 수 있으니 정확한 확인 필수",,,,,보험금 청구 접수는 어떻게 하면 되나요?,진단서 등 필요 서류 기준을 구체적으로 알려주세요.,심사와 지급까지 예상 기간은 어떻게 되나요?
32,소득공제 납입 증명서 발급,1. 총 가입 건 수 안내 및 발행 요청 계약건 확인,,,,,증권/약관/증명서 발급은 어떻게 신청하면 되나요?,수령 가능한 방식(문자/이메일/우편 등)을 알려주세요.,발급 완료까지 보통 몇 분 또는 며칠 걸리나요?
,,2. 발행 기준연도 확인 ,,올해 기준으로 발급 해 드리면 될까요?,,,증권/약관/증명서 발급은 어떻게 신청하면 되나요?,필요 서류 종류와 발급 기준을 알려주세요.,발급 완료까지 보통 몇 분 또는 며칠 걸리나요?
,,3. 수령 방법 확인,,우편이나 FAX로 수령 또는 공인인증서가 있으시면 인터넷을 통해 바로 출력도 가능합니다. 어떤 방법으로 수령 하시겠습니까?     ,,,증권/약관/증명서 발급은 어떻게 신청하면 되나요?,"본인인증은 어떻게 진행하며, 실패 시 어떻게 하면 되나요?",발급 완료까지 보통 몇 분 또는 며칠 걸리나요?
,,4. 소요기간 안내,,,,,증권/약관/증명서 발급은 어떻게 신청하면 되나요?,수령 가능한 방식(문자/이메일/우편 등)을 알려주세요.,발급 완료까지 보통 몇 분 또는 며칠 걸리나요?
33,해지영수증 발급,1. 총 계약 건 수 안내 및 발행 요청 계약건 확인,,,,,증권/약관/증명서 발급은 어떻게 신청하면 되나요?,수령 가능한 방식(문자/이메일/우편 등)을 알려주세요.,발급 완료까지 보통 몇 분 또는 며칠 걸리나요?
,,2. 수령 가능 방법 확인 ,,증명서는 우편과 팩스 발송 가능합니다. 어떤 방법으로 수령 하시겠습니까?,,,증권/약관/증명서 발급은 어떻게 신청하면 되나요?,필요 서류 종류와 발급 기준을 알려주세요.,발급 완료까지 보통 몇 분 또는 며칠 걸리나요?
,,3. 소요기간 안내,,,,,증권/약관/증명서 발급은 어떻게 신청하면 되나요?,수령 가능한 방식(문자/이메일/우편 등)을 알려주세요.,발급 완료까지 보통 몇 분 또는 며칠 걸리나요?
34,잔액증명서 발급,1. 총 계약 건 수 안내 및 발행 요청 계약건 확인,,,,,증권/약관/증명서 발급은 어떻게 신청하면 되나요?,수령 가능한 방식(문자/이메일/우편 등)을 알려주세요.,발급 완료까지 보통 몇 분 또는 며칠 걸리나요?
,,"2. 기준일자, 발행용도, 해지환급금 표시여부 확인 
 ※ 영문 신청 시 영문 이름(여권상 기재 된 이름) 철자 확인 ",,발행용도와 기준일자를 말씀 해 주시겠습니까? 해지환급금도 함께 표기하여 드릴까요?,,,증권/약관/증명서 발급은 어떻게 신청하면 되나요?,수령 가능한 방식(문자/이메일/우편 등)을 알려주세요.,발급 완료까지 보통 몇 분 또는 며칠 걸리나요?
,,3. 수령 가능 방법 확인 ,,증명서는 우편과 팩스 발송 가능합니다. 어떤 방법으로 수령 하시겠습니까?,,,증권/약관/증명서 발급은 어떻게 신청하면 되나요?,필요 서류 종류와 발급 기준을 알려주세요.,발급 완료까지 보통 몇 분 또는 며칠 걸리나요?
,,4. 소요기간 안내,,,,,증권/약관/증명서 발급은 어떻게 신청하면 되나요?,수령 가능한 방식(문자/이메일/우편 등)을 알려주세요.,발급 완료까지 보통 몇 분 또는 며칠 걸리나요?
35,보험계약대출 영수증 발급,1. 총 계약 건 수 안내 및 발행 요청 계약건 확인,,,,,증권/약관/증명서 발급은 어떻게 신청하면 되나요?,수령 가능한 방식(문자/이메일/우편 등)을 알려주세요.,발급 완료까지 보통 몇 분 또는 며칠 걸리나요?
,,2. 영수증 상 기재 내용 탐색 (대출 전액 표기/ 대출 상환 영수증/ 대출 잔액 영수증),,,,,증권/약관/증명서 발급은 어떻게 신청하면 되나요?,수령 가능한 방식(문자/이메일/우편 등)을 알려주세요.,발급 완료까지 보통 몇 분 또는 며칠 걸리나요?
,,3. 대출 잔액 증명서 요청 시 기준일자 및 사용 용도 탐색 ,,증명서의 사용 용도와 발급 기준일자가 어떻게 되십니까?,,,증권/약관/증명서 발급은 어떻게 신청하면 되나요?,필요 서류 종류와 발급 기준을 알려주세요.,발급 완료까지 보통 몇 분 또는 며칠 걸리나요?
,,4. 소요기간 안내,,,,,증권/약관/증명서 발급은 어떻게 신청하면 되나요?,수령 가능한 방식(문자/이메일/우편 등)을 알려주세요.,발급 완료까지 보통 몇 분 또는 며칠 걸리나요?
36,명의정정,1. 총 가입 건 수 안내 및 해당 계약건 확인,,,,,계약자/수익자 정보 변경은 어떻게 하면 되나요?,변경 신청 시 필요한 확인 자료를 알려주세요.,변경된 내용은 언제부터 반영되나요?
,,2. FATCA/CRS & Black List 확인,,"(내국인의 경우) 실례지만 고객님 국적과 실제 거주하시는 곳은 동일하게 한국이시지요?
(외국인의 경우) 실례지만 고객님의 국적이 어떻게 되십니까? / 실제 거주하는곳도 동일하십니까?
혹시, 다른 나라에 세금을 납부하는 것이 있으십니까?",,,계약자/수익자 정보 변경은 어떻게 하면 되나요?,변경 신청 시 필요한 확인 자료를 알려주세요.,변경된 내용은 언제부터 반영되나요?
,,3. 명의 정정 신청 방법 안내 (정정 사유에 따라 정확한 서류 안내),,"성명정정 : 주민등록증의 발급일자를 말씀해 주시겠습니까? 
[주민등록증 확인 불가 시] 다른 신분증(운전면허증/여권/외국인등록증/국내거소신고증 등)의 사본을 보내주시면 (휴대폰 사진으로 전송 또는 팩스)을 접수가 가능 합니다. 
주민번호 정정 :
(단순정정) 주민번호 정정을 위해서는 정정 할 분의 신분증 앞면 복사본(호적정정 인 경우 : 주민등록 초본 OR 기본증명서)이 필요 합니다. 번거로우시겠지만 먼저 고객님의 신분증 앞면 복사본을 저희 고객센터 FAX로 먼저 보내주신 후 연락 주시면 접수가 가능합니다. (팩스 대신 휴대폰사진으로 전송도 가능)
(행정상 정정)주민번호 정정을 위해서는 정정 할 분의 변경 전, 후의 주민번호가 확인되는 기본증명서(또는 주민등록초본) 1부를 팩스 또는 우편으로 발송 부탁 드립니다. 
(팩스 대신 휴대폰사진으로 전송도 가능)
",,,주소나 연락처 변경은 어떻게 진행하면 되나요?,필요 서류 종류와 발급 기준을 알려주세요.,전체 처리가 완료되기까지 보통 얼마나 걸리나요?
,,4. (전화 접수 시) CDD 확인 & 신분증 검증,,"고객님, 자금세탁방지제도로 인해 몇 가지만 더 여쭙겠습니다.
  - (피보험자 주민번호 정정 시에만) 이 계약의 실제 소유자가 계약자 OOO님 맞으시죠? 
  - 소지하고 계신 주민등록증(운전면허증, 재외국민주민등록증, 외국인등록증)의 발급일자를 말씀 해 주시겠어요? 
  - 실례지만, 하시는 일이 어떻게 되시는지요? (+직장명이 어떻게 되십니까?)",,,증권/약관/증명서 발급은 어떻게 신청하면 되나요?,필요 서류 종류와 발급 기준을 알려주세요.,발급 완료까지 보통 몇 분 또는 며칠 걸리나요?
,,"5. 추징, 반제금 발생시 입금 방법 안내 or 지급 방법 확인(예금주/은행명/계좌번호 확인) 
5-1. 계좌 즉시출금 시 금결원 녹취 전송멘트",,"5. 주민등록번호 변경으로 가입 시 연령이 높아져 고객님께서 더 납부할 금액(추징금) 000원이 발생되었습니다. 즉시출금이나 입금전용계좌(가상계좌)로 입금 가능하신데요 어떤 방법으로 납입 하시겠습니까?  
5-1. [계좌 RTB건_ 금융결재원 녹취 전송]
즉시출금 확인을 위한 ARS를 연결 해드리겠습니다. 요청하신 정보가 맞으면 1번 동의를 누르신 후 잠시 기다려 주시기 바랍니다. -> ARS연결
※ ARS사용 불가 시 녹취로 대체
   AIA생명에서 출금하는 계좌를 예금주 000님의 00은행, --------번 계좌로 요청하셨습니다. 맞으십니까? (YES 답변 필수)",,,납입 계좌/카드 변경이나 등록은 어떻게 하면 되나요?,"본인인증은 어떻게 진행하며, 실패 시 어떻게 하면 되나요?",전체 처리가 완료되기까지 보통 얼마나 걸리나요?
,,"6. 미국인(시민권/영주권자 포함)일 경우 W-9 Form 제출 및 안내 
 (계약자, 수익자 행정상 주민번호 변경일 경우 진행 / 피보험자변경 제외)",,"미국인(시민권/영주권자 포함)일 경우 W-9 Form을 제출해야 하며, 미국인(시민권/영주권자 포함)으로 신분이 변경될 경우 한국에서의 보험차익이 미국에서 과세될 수 있으므로, IRS에 별도 소득신고가 필요합니다",,,계약자/수익자 정보 변경은 어떻게 하면 되나요?,변경 신청 시 필요한 확인 자료를 알려주세요.,전체 처리가 완료되기까지 보통 얼마나 걸리나요?
,,7. 증권 자동 재 발행 안내,,,,,증권/약관/증명서 발급은 어떻게 신청하면 되나요?,수령 가능한 방식(문자/이메일/우편 등)을 알려주세요.,발급 완료까지 보통 몇 분 또는 며칠 걸리나요?
37,"명의변경
(계약자/수익자 변경)",1. 총 가입 건 수 안내 및 변경 요청 계약건 확인,,,,,계약자/수익자 정보 변경은 어떻게 하면 되나요?,변경 신청 시 필요한 확인 자료를 알려주세요.,변경된 내용은 언제부터 반영되나요?
,,2. 변경 대상자 및 가능 범위 확인,,변경 할 계약자는 보험의 대상이 되는(피보험자) OOO님과 어떤 관계이세요?,,,계약자/수익자 정보 변경은 어떻게 하면 되나요?,변경 신청 시 필요한 확인 자료를 알려주세요.,변경된 내용은 언제부터 반영되나요?
,,"2-1. 계약자,만기수익자 변경시 FATCA&CRS 확인",,,,,계약자/수익자 정보 변경은 어떻게 하면 되나요?,변경 신청 시 필요한 확인 자료를 알려주세요.,변경된 내용은 언제부터 반영되나요?
,,3. 명의 변경 신청 접수 방법 안내,,* 피보험자 본인으로 계약자(수익자) 변경 문의 시 : 변경 전/후 동의가 필요한 계약관계자 전원 복수인증(휴대폰&신분증) 가능여부 확인 -> 유선접수 가능 이 외 내방 및 등기접수 안내 ,,,주소나 연락처 변경은 어떻게 진행하면 되나요?,"본인인증은 어떻게 진행하며, 실패 시 어떻게 하면 되나요?",전체 처리가 완료되기까지 보통 얼마나 걸리나요?
,,"4. 구비서류 안내 및 신청서 수령방법 확인
  ※ 계약자 또는 만기수익자 변경 시 본인확인서 추가(미국인은 W9 form 추가)",,,,,계약자/수익자 정보 변경은 어떻게 하면 되나요?,변경 신청 시 필요한 확인 자료를 알려주세요.,변경된 내용은 언제부터 반영되나요?
,,5. 신청서 작성방법 안내 시 필수기재사항 안내,,,,,계약자/수익자 정보 변경은 어떻게 하면 되나요?,변경 신청 시 필요한 확인 자료를 알려주세요.,변경된 내용은 언제부터 반영되나요?
,,6. 증권 자동 재 발행 안내,,,,,증권/약관/증명서 발급은 어떻게 신청하면 되나요?,수령 가능한 방식(문자/이메일/우편 등)을 알려주세요.,발급 완료까지 보통 몇 분 또는 며칠 걸리나요?
38,"어린이보험 
태아등재",1. 해당 계약건 확인,,,,,계약자/수익자 정보 변경은 어떻게 하면 되나요?,변경 신청 시 필요한 확인 자료를 알려주세요.,변경된 내용은 언제부터 반영되나요?
,,2. 자녀 출생일 확인 & 친권자 동의녹취 및 서류 안내 ,,"실례지만, 자녀 출생일이 어떻게 되세요?
자녀 분 등재 신청을 위해서는 배우자(친권자)님의 동의녹취와 자녀(주피보험자) 기준의 가족관계증명서를 팩스 발송 해주셔야 합니다. 먼저, 배우자님 성함과 연락 가능한 전화번호 말씀 해주시겠습니까?",,,주소나 연락처 변경은 어떻게 진행하면 되나요?,"본인인증은 어떻게 진행하며, 실패 시 어떻게 하면 되나요?",전체 처리가 완료되기까지 보통 얼마나 걸리나요?
,,"3. 신용정보 제공활용 동의 (친권자 2인 동의 필수 )
※ 신용정보 제공활용 동의 녹취 접수 불가 시 팩스 접수 가능",,,,,계약자/수익자 정보 변경은 어떻게 하면 되나요?,변경 신청 시 필요한 확인 자료를 알려주세요.,변경된 내용은 언제부터 반영되나요?
,,4. 계약일로부터 6개월 이후 출생시 계약일 변경 안내,,"출생일 기준 6개월 이전 시점으로 계약일 변경되며, 계약일이 변경 된 경우, 계약 월 이전 납입 된 보험료 만큼 미리 납부한 것으로 계산되어 최종 보험료는 00월까지 납부 된 것으로 처리 됩니다",,,납입 계좌/카드 변경이나 등록은 어떻게 하면 되나요?,계좌/카드 정보는 어떤 항목을 준비하면 되나요?,적용 시점과 청구 일정은 어떻게 되나요?
,,5. 출생된 자녀가 여아인 경우 보험료 차액 반환 안내 및 반환계좌 확인,,딸을 출산하신 경우 보험료가 낮아지기 때문에 차액만큼 반환 됩니다. 반환 받으실 계약자님 본인계좌 말씀 부탁 드립니다.,,,납입 계좌/카드 변경이나 등록은 어떻게 하면 되나요?,"본인인증은 어떻게 진행하며, 실패 시 어떻게 하면 되나요?",적용 시점과 청구 일정은 어떻게 되나요?
,,6. 국적 & Black List & CDD & 실제 소유자 확인,,"(내국인의 경우) 실례지만 고객님 국적과 실제 거주하시는 곳은 동일하게 한국이시지요?
(외국인의 경우) 실례지만 고객님의 국적이 어떻게 되십니까? / 실제 거주하는곳도 동일하십니까?
소지하고 계신 주민등록증(운전면허증, 재외국민주민등록증, 외국인등록증)의 발급일자를 말씀 해 주시겠어요? 
실례지만, 하시는 일이 어떻게 되시는지요? (+직장명이 어떻게 되십니까?)
이 계약의 실제 소유자가 계약자 OOO님 맞으시죠? ",,,증권/약관/증명서 발급은 어떻게 신청하면 되나요?,필요 서류 종류와 발급 기준을 알려주세요.,발급 완료까지 보통 몇 분 또는 며칠 걸리나요?
,,7. 증권 자동 재 발행됨 안내,,,,,증권/약관/증명서 발급은 어떻게 신청하면 되나요?,수령 가능한 방식(문자/이메일/우편 등)을 알려주세요.,발급 완료까지 보통 몇 분 또는 며칠 걸리나요?
,,※ 수익자가 태아일 경우 수익자도 함께 변경 처리안내,,,,,계약자/수익자 정보 변경은 어떻게 하면 되나요?,변경 신청 시 필요한 확인 자료를 알려주세요.,변경된 내용은 언제부터 반영되나요?
39,"직종(직무)&
운전차종 변경
",1. 해당 계약 건 확인,,,,,계약자/수익자 정보 변경은 어떻게 하면 되나요?,변경 신청 시 필요한 확인 자료를 알려주세요.,변경된 내용은 언제부터 반영되나요?
,,2. 변경 후 직업(or차종) & 변경일자 확인,,"해당 계약의 보험대상자인 OOO님은 최초 계약 당시에는 직업(or 차종)은 어떻게 되셨습니까? 
변경 된 현재 직업(or 차종)은 어떻게 되세요? 
언제 변경 되셨습니까? ",,,계약자/수익자 정보 변경은 어떻게 하면 되나요?,변경 신청 시 필요한 확인 자료를 알려주세요.,변경된 내용은 언제부터 반영되나요?
,,"3. 변경 후 보험료 & 반제금, 추징금 발생시 안내",,"                       반제금 발생
확인 감사합니다. 말씀하신 직업(or 차종)으로 변경 될 경우, 위험등급이 낮아져 보험료는 000원으로 변경 되고, 반환 받으실 금액이 000원 발생 하는 것으로 확인 됩니다.
반환 받으실 계약자 본인 계좌 확인 부탁 드립니다. ","                     추징금 발생
확인 감사합니다. 말씀하신 직업(or 차종)으로 변경 될 경우, 위험등급이 높아져 보험료는 000원으로 변경 되고, 고객님께서 더 납부할 금액(추징금)이 발생 하는 것으로 확인 됩니다.
*가상계좌 또는 RTB로 납부 가능",,납입 계좌/카드 변경이나 등록은 어떻게 하면 되나요?,"본인인증은 어떻게 진행하며, 실패 시 어떻게 하면 되나요?",적용 시점과 청구 일정은 어떻게 되나요?
,,4. 접수방법 및 구비서류 안내,,"(위험이 감소하는 경우) 변경사실 증빙서류 를 팩스또는r 휴대폰 MMS로 보내주시면, 전화 상 접수가 가능합니다",,,주소나 연락처 변경은 어떻게 진행하면 되나요?,필요 서류 종류와 발급 기준을 알려주세요.,변경 반영은 언제부터 확인할 수 있나요?
,,"
5.Black list 검증 대상자의 국적 및 영문명
5-1. CDD & 실제 소유자 확인",,"(내국인의 경우) 실례지만 고객님 국적과 실제 거주하시는 곳은 동일하게 한국이시지요?
(외국인의 경우) 실례지만 고객님의 국적이 어떻게 되십니까? / 실제 거주하는곳도 동일하십니까?
고객님 신분증의 발급일자를 말씀 해주시겠습니까?
* 운전면허증의 경우 : 면허번호, 만료일자 확인
실례지만 하시는 일이 어떻게 되십니까?(+직장명이 어떻게 되십니까?)
이 계약의 실제 소유자가 고객님 맞으시죠? (재질의 시 ""고객님 본인 의지로 계약을 하신게 맞으시죠 타인을 대리하시는게 아니시죠?)
  → 아니오 인 경우: 실제 소유자 성명, 주민번호, 국적 확인",,,증권/약관/증명서 발급은 어떻게 신청하면 되나요?,"본인인증은 어떻게 진행하며, 실패 시 어떻게 하면 되나요?",전체 처리가 완료되기까지 보통 얼마나 걸리나요?
,,5. 증권 자동 재 발행 안내,,,,,증권/약관/증명서 발급은 어떻게 신청하면 되나요?,수령 가능한 방식(문자/이메일/우편 등)을 알려주세요.,발급 완료까지 보통 몇 분 또는 며칠 걸리나요?
40,"납입기간변경
",1. 총 가입 건 수 안내 및 해당 계약건 확인,,,,,납입 계좌/카드 변경이나 등록은 어떻게 하면 되나요?,계좌/카드 정보는 어떤 항목을 준비하면 되나요?,적용 시점과 청구 일정은 어떻게 되나요?
,,2. 추후 납입기간 연장은 불가안내,,납입기간 변경이 완료되면 추후 납입기간 연장은 가능하지 않습니다,,,납입 계좌/카드 변경이나 등록은 어떻게 하면 되나요?,계좌/카드 정보는 어떤 항목을 준비하면 되나요?,적용 시점과 청구 일정은 어떻게 되나요?
,,3. (추징금이 발생 할 경우)입금 가능한 방법 확인,,"납입기간을 변경할 경우 월 보험료가 변경되어 O월 부터 변경 된 보험료가 이체 될 예정이며, 고객님께서 더 납부할 금액(추징금) 000원이 발생되어 입금 후 처리 가능 한데요, 입금전용계(가상계좌)나 즉시출금 중 어떤 방법으로 납입 하시겠습니까? ",,,납입 계좌/카드 변경이나 등록은 어떻게 하면 되나요?,계좌/카드 정보는 어떤 항목을 준비하면 되나요?,전체 처리가 완료되기까지 보통 얼마나 걸리나요?
,,"
4.Black list 검증 대상자의 국적 및 영문명
4-1. CDD & 실제 소유자 확인",,"(내국인의 경우) 실례지만 고객님 국적과 실제 거주하시는 곳은 동일하게 한국이시지요?
(외국인의 경우) 실례지만 고객님의 국적이 어떻게 되십니까? / 실제 거주하는곳도 동일하십니까?
고객님 신분증의 발급일자를 말씀 해주시겠습니까?
* 운전면허증의 경우 : 면허번호, 만료일자 확인
실례지만 하시는 일이 어떻게 되십니까?(+직장명이 어떻게 되십니까?)
이 계약의 실제 소유자가 고객님 맞으시죠? (재질의 시 ""고객님 본인 의지로 계약을 하신게 맞으시죠 타인을 대리하시는게 아니시죠?)
  → 아니오 인 경우: 실제 소유자 성명, 주민번호, 국적 확인",,,증권/약관/증명서 발급은 어떻게 신청하면 되나요?,"본인인증은 어떻게 진행하며, 실패 시 어떻게 하면 되나요?",전체 처리가 완료되기까지 보통 얼마나 걸리나요?
,,5. 증권 자동 재 발행 안내,,,,,증권/약관/증명서 발급은 어떻게 신청하면 되나요?,수령 가능한 방식(문자/이메일/우편 등)을 알려주세요.,발급 완료까지 보통 몇 분 또는 며칠 걸리나요?
41," 납입주기변경
",1. 총 가입 건 수 안내 및 해당 계약건 확인,,,,,납입 계좌/카드 변경이나 등록은 어떻게 하면 되나요?,계좌/카드 정보는 어떤 항목을 준비하면 되나요?,적용 시점과 청구 일정은 어떻게 되나요?
,,2. 납입주기 변경가능 여부 확인,,,,,납입 계좌/카드 변경이나 등록은 어떻게 하면 되나요?,계좌/카드 정보는 어떤 항목을 준비하면 되나요?,적용 시점과 청구 일정은 어떻게 되나요?
,,3. (변경 불가 시) 변경 가능 시기 안내,,납입주기는 납입주기 개월 수의 배수까지 납입한 후 변경이 가능합니다. 번거로우시겠지만 O월 이후 신청 부탁 드립니다,,,납입 계좌/카드 변경이나 등록은 어떻게 하면 되나요?,계좌/카드 정보는 어떤 항목을 준비하면 되나요?,적용 시점과 청구 일정은 어떻게 되나요?
,,"4. 추징,반제금 확인 안내",,"(추징금 발생) 납입주기을 변경할 경우 월 보험료가 변경되어 O월 부터 변경 된 보험료가 이체 될 예정이며, 고객님께서 더 납부할 금액(추징금)  000원이 발생되어 입금 후 처리 가능 한데요, 입금전용계(가상계좌)나 즉시출금 중 어떤 방법으로 납입 하시겠습니까? 
(반제금 발생) 고객님께서 반환 받으실 금액(반제금) 000원이 발생되어 지급 받으실 계약자 본인 계좌 확인 부탁 드립니다. ",,,납입 계좌/카드 변경이나 등록은 어떻게 하면 되나요?,"본인인증은 어떻게 진행하며, 실패 시 어떻게 하면 되나요?",전체 처리가 완료되기까지 보통 얼마나 걸리나요?
,,"
5.Black list 검증 대상자의 국적 및 영문명
5-1. CDD & 실제 소유자 확인",,"(내국인의 경우) 실례지만 고객님 국적과 실제 거주하시는 곳은 동일하게 한국이시지요?
(외국인의 경우) 실례지만 고객님의 국적이 어떻게 되십니까? / 실제 거주하는곳도 동일하십니까?
고객님 신분증의 발급일자를 말씀 해주시겠습니까?
* 운전면허증의 경우 : 면허번호, 만료일자 확인
실례지만 하시는 일이 어떻게 되십니까?(+직장명이 어떻게 되십니까?)
이 계약의 실제 소유자가 고객님 맞으시죠? (재질의 시 ""고객님 본인 의지로 계약을 하신게 맞으시죠 타인을 대리하시는게 아니시죠?)
  → 아니오 인 경우: 실제 소유자 성명, 주민번호, 국적 확인",,,증권/약관/증명서 발급은 어떻게 신청하면 되나요?,"본인인증은 어떻게 진행하며, 실패 시 어떻게 하면 되나요?",전체 처리가 완료되기까지 보통 얼마나 걸리나요?
,,5. 증권 자동 재 발행 안내,,,,,증권/약관/증명서 발급은 어떻게 신청하면 되나요?,수령 가능한 방식(문자/이메일/우편 등)을 알려주세요.,발급 완료까지 보통 몇 분 또는 며칠 걸리나요?
42," 감액/특약삭제
",1. 총 계약 건 수 안내 및 해당 계약 건 확인(철회기간에 감액 또는 특약 삭제는 불가),,,,,이 업무는 어떻게 신청하면 되나요?,처리 시 필요한 정보나 서류가 무엇인가요?,처리 방법과 소요시간을 안내해 주세요.
,,"2. 감액 또는 특약삭제 시 증액 또는 특약의 재가입 불가 안내
※ 실손보험(or특약 포함)의 경우 보험대상자 연속 3개월 이상 해외 체류기간 있는지 확인",,감액 또는 특약삭제 후에는 증액 또는 특약의 재 가입은 가능하지 않습니다. 괜찮으십니까?,,,이 업무는 어떻게 신청하면 되나요?,처리 시 필요한 정보나 서류가 무엇인가요?,처리 방법과 소요시간을 안내해 주세요.
,,3. 무(저)해지 상품의 주계약 OR  특약 감액/ 삭제시 안내,,"해당 OOO 상품은 납입기간 중 해지환급금이 (없는/적은) (무/저)해지환급형 상품으로 현재 해지환급금은 ---,---원 입니다. 
참고 하시도록 향후 경과기간별 예상 해지환급금을 안내하여 드리면,  
[예시표 참고]
계약일로부터 00년 시점의 해지환급금은 0000원으로 환급율 % / 00년에는 해지환급금 0000원으로 환급율 % 
/ 00년에는 해지환급금 0000원으로 환급율 % 입니다. 
현재 기준(금리연동형상품: 현재 공시이율)으로 가정한 금액이기에 향후 변동 될 수 있습니다.",,,납입 계좌/카드 변경이나 등록은 어떻게 하면 되나요?,계좌/카드 정보는 어떤 항목을 준비하면 되나요?,적용 시점과 청구 일정은 어떻게 되나요?
,,4. 감액시 FATCA /CRS 확인,,"실례지만, 고객님 국적이 어떻게 되십니까? 
(내국인인 경우) 혹시, 다른 나라에 세금을 납부하는 것이 있으십니까?",,,이 업무는 어떻게 신청하면 되나요?,처리 시 필요한 정보나 서류가 무엇인가요?,처리 방법과 소요시간을 안내해 주세요.
,,"
5.  변경된 보험료 및 반제금 안내  
5-1. (UL, PUL/VUL) 적립금 감소 안내
      (일반상품) 부분 해지처리 됨 안내
5-2. 반환계좌 확인",,"[반제금 발생 안될 경우] 감액 후 보험료는 000원으로 변경 되고, 반환되는 금액은 없습니다 
[반제금 발생 될 경우] 감액 후 보험료는 000원으로 변경되고, 고객님께 돌려드릴 금액(반제금)이 000원 입니다. 
(변액상품: 전일종가 기준이며, 종가에 따라 변동될 수 있음 안내)
(저출성보험 및 변액보험 감액시) 이 상품은 감액한 날은 기준으로 보험료에 대한 적립금이 다시 계산되기 때문에 적립금이 감소하게 됩니다. 
반환 받으실 계약자님 본인 계좌를 말씀해 주시겠습니까? ",,,납입 계좌/카드 변경이나 등록은 어떻게 하면 되나요?,"본인인증은 어떻게 진행하며, 실패 시 어떻게 하면 되나요?",적용 시점과 청구 일정은 어떻게 되나요?
,,"6. 본인인증 및 비교, 무/저해지 안내",,스크립트 참조,,,해지/취소 신청은 어떻게 하면 되나요?,해지 시 확인해야 할 조건이나 필요서류가 있나요?,환급금 지급 시점과 공제 항목을 알려주세요.
,,7. 감액접수 전 유의사항 안내,,스크립트 참조,,,이 업무는 어떻게 신청하면 되나요?,처리 시 필요한 정보나 서류가 무엇인가요?,처리 방법과 소요시간을 안내해 주세요.
,,8. CDD & 실제 소유자 확인,,"(내국인의 경우) 실례지만 고객님 국적과 실제 거주하시는 곳은 동일하게 한국이시지요?
(외국인의 경우) 실례지만 고객님의 국적이 어떻게 되십니까? / 실제 거주하는곳도 동일하십니까?
고객님 신분증의 발급일자를 말씀 해주시겠습니까?
* 운전면허증의 경우 : 면허번호, 만료일자 확인
실례지만 하시는 일이 어떻게 되십니까?(+직장명이 어떻게 되십니까?)
이 계약의 실제 소유자가 고객님 맞으시죠? (재질의 시 ""고객님 본인 의지로 계약을 하신게 맞으시죠 타인을 대리하시는게 아니시죠?)
  → 아니오 인 경우: 실제 소유자 성명, 주민번호, 국적 확인
",,,증권/약관/증명서 발급은 어떻게 신청하면 되나요?,"본인인증은 어떻게 진행하며, 실패 시 어떻게 하면 되나요?",전체 처리가 완료되기까지 보통 얼마나 걸리나요?
,,9. 최저 상환금액 발생 시 안내,,"기존에 사용 중인 대출 원금의 일부와 이자 000원 상환 후 감액 처리 가능하며, 이 금액은 이자가 매일 변동되기 때문에 입금 가능한 일자에 연락주셔서 확인 후 입금 부탁 드립니다.",,,보험계약대출 신청은 어떻게 진행하면 되나요?,이자 계산 기준과 상환 조건을 알려주세요.,대출금 지급까지 소요되는 시간은 얼마인가요?
,,10. 증권 자동 재 발행 안내,,"감액(또는 특약삭제)이 완료되면, 재발행 된 증권을 바로 확인하실 수 있는 링크가 휴대폰 문자로 발송 됩니다~
(AIA+ 로그인 > 증명서신청클릭 > 가입증서발행확인 클릭 > 증권확인 가능(비밀번호 '생년월일' 입력))",,,주소나 연락처 변경은 어떻게 진행하면 되나요?,필요 서류 종류와 발급 기준을 알려주세요.,변경 반영은 언제부터 확인할 수 있나요?
43,갱신 불원,1. 총 가입 건 수 안내 및 해당 계약건 확인,,고객님 앞으로 된 계약이 총 O건으로 확인 되는데요. 이 중에서 OOO갱신보험(갱신 특약) 말씀이십니까?,,,이 업무는 어떻게 신청하면 되나요?,처리 시 필요한 정보나 서류가 무엇인가요?,처리 방법과 소요시간을 안내해 주세요.
,,2. 갱신불원 신청 가능기간 확인 (차후 접수할 경우 가능기간 안내),,,,,이 업무는 어떻게 신청하면 되나요?,처리 시 필요한 정보나 서류가 무엇인가요?,처리 방법과 소요시간을 안내해 주세요.
,,3. 갱신불원 요청 사유 확인 및 1차 반려 ,,"실례지만, 갱신을 원치 않으시는 사유를 여쭤봐도 될까요? (사유에 맞는 반려)",,,이 업무는 어떻게 신청하면 되나요?,처리 시 필요한 정보나 서류가 무엇인가요?,처리 방법과 소요시간을 안내해 주세요.
,,4. 갱신불원 신청 접수 시 만기일자 안내,,"OO년 OO월 OO일까지 보험기간이 만료 될 예정이고요, 그 후에는 보험기간이 갱신되지 않아, 
보험의 효력이 없음을 알려 드립니다. ",,,이 업무는 어떻게 신청하면 되나요?,처리 시 필요한 정보나 서류가 무엇인가요?,처리 방법과 소요시간을 안내해 주세요.
44,"(면대면채널)
펀드변경",1. 총 가입 건 수 안내 및 해당 계약건 확인,,,,,계약자/수익자 정보 변경은 어떻게 하면 되나요?,변경 신청 시 필요한 확인 자료를 알려주세요.,변경된 내용은 언제부터 반영되나요?
,,"2. 변경 항목(펀드, 투입비율, 자동재배분) 및 비율 확인",,"고객님, 현재는 000형 펀드 100%로 설정 되어있는데요, 어떻게 변경하실 예정이세요?",,,계약자/수익자 정보 변경은 어떻게 하면 되나요?,변경 신청 시 필요한 확인 자료를 알려주세요.,변경된 내용은 언제부터 반영되나요?
,,3. 본인인증 방법 안내,,본인인증 스크립트 참조,,,계약자/수익자 정보 변경은 어떻게 하면 되나요?,"본인인증은 어떻게 진행하며, 실패 시 어떻게 하면 되나요?",변경된 내용은 언제부터 반영되나요?
,,"4. 변경 전, 후 내용 재확인 & 문자발송 안내",,스크립트 참조,,,계약자/수익자 정보 변경은 어떻게 하면 되나요?,변경 신청 시 필요한 확인 자료를 알려주세요.,변경된 내용은 언제부터 반영되나요?
,,"5. 적용 기준가(종가), 투입일 안내",,"변경 완료 시 펀드(적립금이전)변경 사항은 00일 종가(신청일+3영업일 종가)로 00일에 투입 되고, 펀드투입비율 변경은 오늘 중으로 처리 될 예정이며, 처리 즉시 적용되겠습니다. ",,,계약자/수익자 정보 변경은 어떻게 하면 되나요?,변경 신청 시 필요한 확인 자료를 알려주세요.,전체 처리가 완료되기까지 보통 얼마나 걸리나요?
45,민원,1. 정확한 민원 요청 사유 확인 및 1차 반려 시도,,,,,이 업무는 어떻게 신청하면 되나요?,처리 시 필요한 정보나 서류가 무엇인가요?,처리 방법과 소요시간을 안내해 주세요.
,,2. 기납입 보험료 반환시 FATCA/CRS 확인 ,,"실례지만, 고객님 국적이 어떻게 되십니까? 
(내국인인 경우) 혹시, 다른 나라에 세금을 납부하는 것이 있으십니까?",,,납입 계좌/카드 변경이나 등록은 어떻게 하면 되나요?,계좌/카드 정보는 어떤 항목을 준비하면 되나요?,적용 시점과 청구 일정은 어떻게 되나요?
,,2-1. 기납입 보험료 반환시 Black List & CDD & 실제 소유자 확인,,"(내국인의 경우) 실례지만 고객님 국적과 실제 거주하시는 곳은 동일하게 한국이시지요?
(외국인의 경우) 실례지만 고객님의 국적이 어떻게 되십니까? / 실제 거주하는곳도 동일하십니까?
고객님 신분증의 발급일자를 말씀 해주시겠습니까?
* 운전면허증의 경우 : 면허번호 확인
실례지만 하시는 일이 어떻게 되십니까?(+직장명이 어떻게 되십니까?)
이 계약의 실제 소유자가 고객님 맞으시죠? (재질의 시 ""고객님 본인 의지로 계약을 하신게 맞으시죠 타인을 대리하시는게 아니시죠?)
  → 아니오 인 경우: 실제 소유자 성명, 주민번호, 국적 확인",,,증권/약관/증명서 발급은 어떻게 신청하면 되나요?,"본인인증은 어떻게 진행하며, 실패 시 어떻게 하면 되나요?",전체 처리가 완료되기까지 보통 얼마나 걸리나요?
,,3. SMS 수신 동의 여부 체크,,"불편사항(민원) 접수 진행 과정을 휴대폰 문자 메시지로 받아보시겠습니까?(yes) 
당사에 등록된 번호로 보내 드리면 되겠습니까? ",,,주소나 연락처 변경은 어떻게 진행하면 되나요?,접수 후 수령 방식은 어떻게 선택할 수 있나요?,변경 반영은 언제부터 확인할 수 있나요?
,,"
4. 소요기간 안내
  ",,"민원 결과가 확인되기 까지는 평일 기준 약 14일이 소요되며, 후속조치가 필요한 경우에는 전화로 안내 해 드리고, 그렇지 않을 경우 해당부서에서 전화나 우편을 통해 안내 해 드리도록 하겠습니다",,,이 업무는 어떻게 신청하면 되나요?,접수 후 수령 방식은 어떻게 선택할 수 있나요?,전체 처리가 완료되기까지 보통 얼마나 걸리나요?
,,"5. (기납입 보험료 반환, 카드납 요청시)자동이체 유지 의사 확인",,"현재 보험료를 매월 자동이체로 납입 중이신데요, 민원접수 결과가 나오기 전까지는 OO일에 자동이체 계좌에서 출금이 될 예정입니다.
(납입정지 요청시) 최종 납부 월은 O월이며, O월부터는 고객님의 계좌에서 출금되지 않기 때문에 혹시라도 O월 분 보험료가 O월 O일까지 미납 될 경우 다음 달 1일자로 해당 보험 계약의 효력이 상실됩니다.",,,납입 계좌/카드 변경이나 등록은 어떻게 하면 되나요?,계좌/카드 정보는 어떤 항목을 준비하면 되나요?,전체 처리가 완료되기까지 보통 얼마나 걸리나요?
,,6. 우편물 수령지와 연락처 확인 ,,"민원 결과에 대한 전달은 현재 등록되어 있는 OO주소 / 휴대폰 으로 연락 드리면 될까요?
",,,주소나 연락처 변경은 어떻게 진행하면 되나요?,본인확인 방법과 필요한 정보를 알려주세요.,변경 반영은 언제부터 확인할 수 있나요?
46,재고지 접수/보완,1. 총 계약 건 수 안내 및 해당 계약 건 확인(실효 상태에서는 재고지 접수 불가),,,,,이 업무는 어떻게 신청하면 되나요?,처리 시 필요한 정보나 서류가 무엇인가요?,처리 방법과 소요시간을 안내해 주세요.
,,통신채널,면대면채널,통신채널,면대면채널,,이 업무는 어떻게 신청하면 되나요?,처리 시 필요한 정보나 서류가 무엇인가요?,처리 방법과 소요시간을 안내해 주세요.
,,2. 고지사항 및 가능여부 확인,"2. 고지사항 및 가능여부 확인
(변액 상품 건강/자필서명 재고지 모두 신청 불가)",,,,이 업무는 어떻게 신청하면 되나요?,처리 시 필요한 정보나 서류가 무엇인가요?,처리 방법과 소요시간을 안내해 주세요.
,,"3. 재고지 접수 결과에 따라 승낙 or 해지 될 수 있고, 소견서나 진단서 등의 서류 제출이 요청 될 수 있으며 부담보 설정 될 수 있음 안내",,"3. 재고지 심사결과에 따라 승낙되거나 해지 될 수 있고, 소견서나 진단서 등의 서류 제출이 요청 될 수 있으며 부담보 설정이 될 수 있습니다",,,해지/취소 신청은 어떻게 하면 되나요?,필요 서류 종류와 발급 기준을 알려주세요.,환급금 지급 시점과 공제 항목을 알려주세요.
,,,3. 신청방법 및 서류 안내,,"3. 병력재고지는 전화상으로 신청이 어렵고, 방문(본사,부산고객플라자), 우편을 통해 신청이 가능합니다. 어떤 방법으로 안내 해 드릴까요?",,,,
,,4. 재고지 접수 결과 거절 될 경우 반환 받을 계약자 본인 명의 계좌 및 국적 & Black List  확인(카드승인 건도 현금반환),,"4. 심사결과 만약 해지가 될 경우 해지환급금(또는 기납입보험료) 지급받으실 계약자님의 본인 계좌 확인 부탁 드립니다
(내국인의 경우) 실례지만 고객님 국적과 실제 거주하시는 곳은 동일하게 한국이시지요?
(외국인의 경우) 실례지만 고객님의 국적이 어떻게 되십니까? / 실제 거주하는곳도 동일하십니까?",,,납입 계좌/카드 변경이나 등록은 어떻게 하면 되나요?,"본인인증은 어떻게 진행하며, 실패 시 어떻게 하면 되나요?",전체 처리가 완료되기까지 보통 얼마나 걸리나요?
,,"5. 진단명, 발병시기, 치료기간, 치료방법, 완치여부, 현재상태 확인 ",4. 건강 고지 내용에 따라 추가 미결 보완 가능하며 결과에 따라 인수 여부 결정 됨 안내,5. 스크립트 참조,"4. 건강 고지에 내용에 따라 현 상태 진단서 또는 당시 치료확인서가 필요할 수 있고, 결과에 따라 계약 인수 여부가 결정되는 점 양해 부탁 드립니다.",,보험금 청구 접수는 어떻게 하면 되나요?,진단서 등 필요 서류 기준을 구체적으로 알려주세요.,심사와 지급까지 예상 기간은 어떻게 되나요?
,,6. 추가 서류 요청 시 재고지 신청일로부터 +25일째 되는 날 오전에 반송 되므로 +20일 이내 미결보완 안내,,6. 소견서(진단서) 제출이 요청되었습니다. OO월OO일까지 보내 주셔야 하는데 가능하십니까?,,,보험금 청구 접수는 어떻게 하면 되나요?,진단서 등 필요 서류 기준을 구체적으로 알려주세요.,심사와 지급까지 예상 기간은 어떻게 되나요?
47,"실손보험 의료급여
",1. 총 계약 건 수 안내 및 실손 보험 가입 여부 확인,,,,,이 업무는 어떻게 신청하면 되나요?,처리 시 필요한 정보나 서류가 무엇인가요?,처리 방법과 소요시간을 안내해 주세요.
,,2. 신청 방법 및 제출 서류 안내,,보험대상자 OOO님의 의료급여 수급권자임을 증명하는 의료급여증(의료보호/의료급여1종/의료급여2종 등) 사본 (or 휴대폰 MMS) 보내 주시면 보험료의 5% 할인을 받을실 수 있습니다.,,,주소나 연락처 변경은 어떻게 진행하면 되나요?,필요 서류 종류와 발급 기준을 알려주세요.,변경 반영은 언제부터 확인할 수 있나요?
,,"3. 반제금 발생 시, 지급계좌 확인(할인 취소 시 추징금 발생가능_입금방법 안내)
3-1. 계좌 즉시출금 시 금결원 녹취 전송멘트",,"수급권자 취득일자를 말씀 헤 주시면 확인이 가능한데요, 지금 바로 확인 가능하실까요? 
(반제금 발생시) 보험료 차액분을 반환받으실 수 있는 고객님 본인명의의 계좌번호와 은행명을 말씀 해 주시겠습니까?
(추징금 발생시)
[계좌 RTB건_ 금융결재원 녹취 전송]
즉시출금 확인을 위한 ARS를 연결 해드리겠습니다. 요청하신 정보가 맞으면 1번 동의를 누르신 후 잠시 기다려 주시기 바랍니다. -> ARS연결
※ ARS사용 불가 시 녹취로 대체
   AIA생명에서 출금하는 계좌를 예금주 000님의 00은행, --------번 계좌로 요청하셨습니다. 맞으십니까? (YES 답변 필수)",,,납입 계좌/카드 변경이나 등록은 어떻게 하면 되나요?,"본인인증은 어떻게 진행하며, 실패 시 어떻게 하면 되나요?",전체 처리가 완료되기까지 보통 얼마나 걸리나요?
,,"
4.Black list 검증 대상자의 국적 및 영문명
4-1. CDD & 실제 소유자 확인",,"(내국인의 경우) 실례지만 고객님 국적과 실제 거주하시는 곳은 동일하게 한국이시지요?
(외국인의 경우) 실례지만 고객님의 국적이 어떻게 되십니까? / 실제 거주하는곳도 동일하십니까?
고객님 신분증의 발급일자를 말씀 해주시겠습니까?
* 운전면허증의 경우 : 면허번호,만료일자 확인
실례지만 하시는 일이 어떻게 되십니까?(+직장명이 어떻게 되십니까?)
이 계약의 실제 소유자가 고객님 맞으시죠? (재질의 시 ""고객님 본인 의지로 계약을 하신게 맞으시죠 타인을 대리하시는게 아니시죠?)
  → 아니오 인 경우: 실제 소유자 성명, 주민번호, 국적 확인",,,증권/약관/증명서 발급은 어떻게 신청하면 되나요?,"본인인증은 어떻게 진행하며, 실패 시 어떻게 하면 되나요?",전체 처리가 완료되기까지 보통 얼마나 걸리나요?
,,5. 증권 자동 재 발행 안내,,,,,증권/약관/증명서 발급은 어떻게 신청하면 되나요?,수령 가능한 방식(문자/이메일/우편 등)을 알려주세요.,발급 완료까지 보통 몇 분 또는 며칠 걸리나요?
48,"헬스케어 
서비스
",1. 총 계약 건 수 안내 및 해당 계약 건 확인,,고객님께서 가입한 000상품에 제공되는 부가서비스입니다.,,,이 업무는 어떻게 신청하면 되나요?,처리 시 필요한 정보나 서류가 무엇인가요?,처리 방법과 소요시간을 안내해 주세요.
,,2. 헬스케어 서비스 유지조건 안내,,"[대면채널]
해당 보험을 정상적으로 유지하는 기간동안 계속 헬스케어 서비스를 제공 받으실 수 있습니다. 
다만, 유지 중 주계약 보험가입금액을 5천만원 미만으로 줄이거나(감액), 계약 해지, 2개월 연속 보험료 미납으로 보장을 받지 못하는 상태가(실효) 될 경우에는 서비스가 해지됩니다.  
(단, 부활 시 재신청 접수 후 서비스 유지 가능/ 자동부활은 재신청 접수 없이 유지 가능)
[통신채널]
이 서비스는 해당 상품의 계약일로부터 1년 이내에 신청이 가능하며, 서비스 제공은 계약일로부터 5년까지만 제공 됩니다. 
(승낙 후 유지 시 제공되며, 해당 계약을 여러 건 가입 시 유지 중인 최종 보험계약일로부터 5년까지 제공)
※ 암특화 헬스케어 서비스 : 유지 중 신청 가능 & 채널무관 유지기간 중 헬스케어 가능",,,해지/취소 신청은 어떻게 하면 되나요?,해지 시 확인해야 할 조건이나 필요서류가 있나요?,환급금 지급 시점과 공제 항목을 알려주세요.
,,3. 신청 방법 안내  ,,"[대면채널]
네~ 전화 상으로도 신청 가능합니다. 당사 양식의 신청서를 작성 하시고, 주피보험자 신분증과 함께 저희 고객센터 팩스(또는 휴대폰 MMS)로 보내 주시면 됩니다. 
(신청서는 주피보험자가 동의 체크 후 서명)
※ 신청서 양식을 받아 보는데 불편함을 호소하는 경우, 음성 녹취로 접수 
[통신채널] 
① 문자가입 or ② 고객센터 유선 가입 가능 
",,,주소나 연락처 변경은 어떻게 진행하면 되나요?,"본인인증은 어떻게 진행하며, 실패 시 어떻게 하면 되나요?",전체 처리가 완료되기까지 보통 얼마나 걸리나요?
,,※ 헬스케어서비스 제공 중인 보험계약의 감액 및 계약해지 처리 시 헬스케어서비스 취소됨 필수 안내   ,,헬스케어서비스 신청중 입니다. (감액/해지) 처리 시 헬스케어서비스는 취소 됩니다.,,,해지/취소 신청은 어떻게 하면 되나요?,해지 시 확인해야 할 조건이나 필요서류가 있나요?,환급금 지급 시점과 공제 항목을 알려주세요.
49,"
연금전환서비스
",1. 총 계약 건 수 안내 및 해당 계약 건 확인,,,,,연금 신청/변경은 어떻게 하면 되나요?,연금 지급 방식과 선택 가능 항목을 알려주세요.,변경 또는 신청 후 적용 시점은 언제인가요?
,,2. 연금전환 가능 상품 및 조건 확인 후 안내 ,,"고객님께서 계약하신  OO보험이 연금전환 가능한 상품인데요, ~ 인 경우 신청 가능한 서비스 입니다.",,,연금 신청/변경은 어떻게 하면 되나요?,연금 지급 방식과 선택 가능 항목을 알려주세요.,변경 또는 신청 후 적용 시점은 언제인가요?
,,3. 신청 방법 안내  ,,"고객님, 연금 전환은 마스터플래너 방문 접수 (또는 본사플라자, 부산플라자 내방)를 통해 신청 가능 합니다. ",,,연금 신청/변경은 어떻게 하면 되나요?,연금 지급 방식과 선택 가능 항목을 알려주세요.,변경 또는 신청 후 적용 시점은 언제인가요?
50,"(통신채널)
신계약 미결",1. 총 계약 건 수 안내 및 해당 계약 건 확인,,,,,이 업무는 어떻게 신청하면 되나요?,처리 시 필요한 정보나 서류가 무엇인가요?,처리 방법과 소요시간을 안내해 주세요.
,,2. 미결내용 확인 후 안내,,,,,이 업무는 어떻게 신청하면 되나요?,처리 시 필요한 정보나 서류가 무엇인가요?,처리 방법과 소요시간을 안내해 주세요.
,,3. 계약일 +25일째 되는 날 반송 되므로 +20일 이내 미결보완 안내,,고객님 가입하신 OO보험이 심사가 아직 결정되지 않은 상태로 진단서 제출이 요청되었습니다. 혹시 OO일까지 발송 가능 하십니까?,,,보험금 청구 접수는 어떻게 하면 되나요?,진단서 등 필요 서류 기준을 구체적으로 알려주세요.,심사와 지급까지 예상 기간은 어떻게 되나요?
51,"(면대면채널)
MP 이관 ",1. 총 계약 건 수 안내 및 해당 계약건 확인,,어떤 계약건의 설계사(마스터플래너) 변경을 원하시는 걸까요?,,,계약자/수익자 정보 변경은 어떻게 하면 되나요?,변경 신청 시 필요한 확인 자료를 알려주세요.,변경된 내용은 언제부터 반영되나요?
,,"※ MP이관 거절 가능 건, 민원접수 건의 경우 1차 반려 
※ MP활동 건 이관 사유 탐색 및 1차 반려",,,,,이 업무는 어떻게 신청하면 되나요?,처리 시 필요한 정보나 서류가 무엇인가요?,처리 방법과 소요시간을 안내해 주세요.
,,2. 이관을 원하는 MP 확인   ,,변경 원하는 설계사(마스터플래너)의 근무 지점과 이름 말씀해주시겠어요?,,,계약자/수익자 정보 변경은 어떻게 하면 되나요?,변경 신청 시 필요한 확인 자료를 알려주세요.,변경된 내용은 언제부터 반영되나요?
,,3. 소요 기간 안내,,"접수 완료 되었으며, 약 한 달 정도 걸릴 수 있습니다. ",,,이 업무는 어떻게 신청하면 되나요?,처리 시 필요한 정보나 서류가 무엇인가요?,처리 방법과 소요시간을 안내해 주세요.
52,"(면대면채널) 
연장 정기",1. 총 계약 건 수 안내 및 해당 계약건 확인,,,,,이 업무는 어떻게 신청하면 되나요?,처리 시 필요한 정보나 서류가 무엇인가요?,처리 방법과 소요시간을 안내해 주세요.
,,2. 신청 가능 조건 및 방법 안내 ,,,,,이 업무는 어떻게 신청하면 되나요?,처리 시 필요한 정보나 서류가 무엇인가요?,처리 방법과 소요시간을 안내해 주세요.
,,3. 자동이체 해지 안내,,보험료 완납처리 되므로 자동이체는 해지 해드릴까요?,,,납입 계좌/카드 변경이나 등록은 어떻게 하면 되나요?,계좌/카드 정보는 어떤 항목을 준비하면 되나요?,적용 시점과 청구 일정은 어떻게 되나요?
,,4. 특약 보장 안됨,,특약은 해지처리 되므로 이 후 특약에 대한 보장은 가능하지 않습니다,,,해지/취소 신청은 어떻게 하면 되나요?,해지 시 확인해야 할 조건이나 필요서류가 있나요?,환급금 지급 시점과 공제 항목을 알려주세요.
,,5. 변경된 보험기간 보장 적용기간 안내,,연장 정기 신청 시 보장기간은 OO년으로 변경됩니다,,,계약자/수익자 정보 변경은 어떻게 하면 되나요?,변경 신청 시 필요한 확인 자료를 알려주세요.,변경된 내용은 언제부터 반영되나요?
,,6. 프라임평생설계 1형 자유설계자금 없음,,자유설계자금은 지급되지 않습니다,,,연금 신청/변경은 어떻게 하면 되나요?,연금 지급 방식과 선택 가능 항목을 알려주세요.,전체 처리가 완료되기까지 보통 얼마나 걸리나요?
53,"(면대면채널)  
감액 완납",1. 총 계약 건 수 안내 및 해당 계약 건 확인,,,,,이 업무는 어떻게 신청하면 되나요?,처리 시 필요한 정보나 서류가 무엇인가요?,처리 방법과 소요시간을 안내해 주세요.
,,2. 신청 가능 조건 및 방법 안내 ,,,,,이 업무는 어떻게 신청하면 되나요?,처리 시 필요한 정보나 서류가 무엇인가요?,처리 방법과 소요시간을 안내해 주세요.
,,3. 자동이체 해지 안내,,보험료 완납처리 되므로 자동이체는 해지해 드릴까요?,,,납입 계좌/카드 변경이나 등록은 어떻게 하면 되나요?,계좌/카드 정보는 어떤 항목을 준비하면 되나요?,적용 시점과 청구 일정은 어떻게 되나요?
,,4. 특약 보장 안됨 안내,,특약은 해지처리 되므로 이 후 특약에 대한 보장은 가능하지 않습니다,,,해지/취소 신청은 어떻게 하면 되나요?,해지 시 확인해야 할 조건이나 필요서류가 있나요?,환급금 지급 시점과 공제 항목을 알려주세요.
,,5. 변경된 주계약 가입 금액으로 보험기간 까지 보장 가능 안내,,보장기간은 기존과 동일하나 주계약 보장금액이 OO원으로 변경됩니다,,,계약자/수익자 정보 변경은 어떻게 하면 되나요?,변경 신청 시 필요한 확인 자료를 알려주세요.,변경된 내용은 언제부터 반영되나요?
,,6. 프라임 평생설계 1형 자유설계자금 있음,,자유설계자금은 주계약에 비례하여 감소된 금액으로 지급됩니다,,,연금 신청/변경은 어떻게 하면 되나요?,연금 지급 방식과 선택 가능 항목을 알려주세요.,전체 처리가 완료되기까지 보통 얼마나 걸리나요?
54,"비 흡연 할인 특약
",1. 총 계약 건 수 안내 및 해당 계약 건 확인,,,,,이 업무는 어떻게 신청하면 되나요?,처리 시 필요한 정보나 서류가 무엇인가요?,처리 방법과 소요시간을 안내해 주세요.
,,2. 신청 가능 조건 확인  ,,"말씀하신 계약의 보험대상자인 OOO님께서는 최근 1년 이상 어떤 형태로든 담배를 (피우거나, 씹거나 기타 유사한 형태)를 사용하지 않으셨습니까? (yes)",,,이 업무는 어떻게 신청하면 되나요?,처리 시 필요한 정보나 서류가 무엇인가요?,처리 방법과 소요시간을 안내해 주세요.
,,3. 비흡연할인 적용 시 변경될 보험료 및 반제금 안내,,"비흡연할인 적용 시 보험료는 000원에서 000원으로 할인되며, 반환 받으실 금액은 000원 입니다. ",,,계약자/수익자 정보 변경은 어떻게 하면 되나요?,변경 신청 시 필요한 확인 자료를 알려주세요.,변경된 내용은 언제부터 반영되나요?
,,4. 신청 방법 안내 ,,"흡연질문서 작성 후, 저희 고객센터 팩스(또는 휴대폰 MMS)로 보내 주시면 접수 가능 합니다.  ",,,주소나 연락처 변경은 어떻게 진행하면 되나요?,접수 후 수령 방식은 어떻게 선택할 수 있나요?,변경 반영은 언제부터 확인할 수 있나요?
,,"
5.Black list 검증 대상자의 국적 및 영문명
5-1. CDD & 실제 소유자 확인",,"(내국인의 경우) 실례지만 고객님 국적과 실제 거주하시는 곳은 동일하게 한국이시지요?
(외국인의 경우) 실례지만 고객님의 국적이 어떻게 되십니까? / 실제 거주하는곳도 동일하십니까?
고객님 신분증의 발급일자를 말씀 해주시겠습니까?
* 운전면허증의 경우 : 면허번호,만료일자 확인
실례지만 하시는 일이 어떻게 되십니까?(+직장명이 어떻게 되십니까?)
이 계약의 실제 소유자가 고객님 맞으시죠? (재질의 시 ""고객님 본인 의지로 계약을 하신게 맞으시죠 타인을 대리하시는게 아니시죠?)
  → 아니오 인 경우: 실제 소유자 성명, 주민번호, 국적 확인",,,증권/약관/증명서 발급은 어떻게 신청하면 되나요?,"본인인증은 어떻게 진행하며, 실패 시 어떻게 하면 되나요?",전체 처리가 완료되기까지 보통 얼마나 걸리나요?
,,6 . 반환계좌 확인,,"비흡연 할인 적용 시, 반환금액을 받으실 고객님 본인 명의 계좌번호와 은행명 말씀해 주시겠습니까?",,,납입 계좌/카드 변경이나 등록은 어떻게 하면 되나요?,"본인인증은 어떻게 진행하며, 실패 시 어떻게 하면 되나요?",적용 시점과 청구 일정은 어떻게 되나요?
,,7. 접수 및  니코틴 방문 진단 안내,,"접수가 완료되면 니코틴 해당병원에 방문 진단을 받으실 수 있도록 조치 해드리게 됩니다. (검사비 당사 부담)
그리고 방문 검사 결과에 따라 심사 여부가 결정 되는데, 혹시 거절되는 경우 고객님께 다시 연락 드리겠습니다. ",,,보험금 청구 접수는 어떻게 하면 되나요?,진단서 등 필요 서류 기준을 구체적으로 알려주세요.,심사와 지급까지 예상 기간은 어떻게 되나요?
,,8. 증권 자동 재 발행 안내,,,,,증권/약관/증명서 발급은 어떻게 신청하면 되나요?,수령 가능한 방식(문자/이메일/우편 등)을 알려주세요.,발급 완료까지 보통 몇 분 또는 며칠 걸리나요?
55,"(면대면채널)
연금신청
",1. 총 계약 건 수 안내 및 해당 계약 건 확인,,,,,연금 신청/변경은 어떻게 하면 되나요?,연금 지급 방식과 선택 가능 항목을 알려주세요.,변경 또는 신청 후 적용 시점은 언제인가요?
,,"2. 연금 발생여부, 도래일자, 지급여부 선 확인 후 안내",,"고객님께서 가입하신  OO보험이 xx년 xx월 xx일로 연금개시가 되었고요, 매월(지급방식) 지급 받으시는 걸로 설정되어 현재 연금액 000,000원이 발생  하였습니다.",,,연금 신청/변경은 어떻게 하면 되나요?,연금 지급 방식과 선택 가능 항목을 알려주세요.,전체 처리가 완료되기까지 보통 얼마나 걸리나요?
,,"본인인증 진행 
※ 2000만원 초과 시 휴대폰 인증 필수",,"혹시 고객님 사용하시는 휴대폰이 본인 명의이세요? (yes)
금융사고 예방을 위해 고객님 명의의 휴대폰을 통한 본인 인증 후 업무처리 진행을 해드릴텐데요~
먼저, 휴대폰본인확인 서비스 이용과 관련하여 고객님의 정보를 수집.이용.취급위탁하고, 고유식별정보를 처리 하는 것에 동의 하십니까? (동의 필수)",,,주소나 연락처 변경은 어떻게 진행하면 되나요?,"본인인증은 어떻게 진행하며, 실패 시 어떻게 하면 되나요?",변경 반영은 언제부터 확인할 수 있나요?
,,3. FATCA/CRS 확인,,"실례지만, 고객님 국적이 어떻게 되십니까? 
(내국인인 경우) 혹시, 다른 나라에 세금을 납부하는 것이 있으십니까?",,,연금 신청/변경은 어떻게 하면 되나요?,연금 지급 방식과 선택 가능 항목을 알려주세요.,변경 또는 신청 후 적용 시점은 언제인가요?
,,4. Black list 검증 대상자의 국적 및 영문명 확인 ,,"(내국인의 경우) 실례지만 고객님 국적과 실제 거주하시는 곳은 동일하게 한국이시지요?
(외국인의 경우) 실례지만 고객님의 국적이 어떻게 되십니까? / 실제 거주하는곳도 동일하십니까?",,,연금 신청/변경은 어떻게 하면 되나요?,연금 지급 방식과 선택 가능 항목을 알려주세요.,변경 또는 신청 후 적용 시점은 언제인가요?
,,5. CDD & 실제 소유자 확인,,"고객님 신분증의 발급일자를 말씀 해주시겠습니까?
* 운전면허증의 경우 : 면허번호, 만료일자 확인
실례지만 하시는 일이 어떻게 되십니까?(+직장명이 어떻게 되십니까?)
이 계약의 실제 소유자가 고객님 맞으시죠? (재질의 시 ""고객님 본인 의지로 계약을 하신게 맞으시죠 타인을 대리하시는게 아니시죠?)
  → 아니오 인 경우: 실제 소유자 성명, 주민번호, 국적 확인",,,증권/약관/증명서 발급은 어떻게 신청하면 되나요?,"본인인증은 어떻게 진행하며, 실패 시 어떻게 하면 되나요?",전체 처리가 완료되기까지 보통 얼마나 걸리나요?
,,"6 지급 계좌 확인 
※ 약관대출금 존재 시, 최저상환금(원금+이자)공제 후 지급됨 안내",,"지급 받으실 계좌와 은행 명 말씀 부탁 드립니다. 
※ 약관대출금 존재 시, 최저상환금(원금+이자)공제 후 지급됨 안내",,,증권/약관/증명서 발급은 어떻게 신청하면 되나요?,수령 가능한 방식(문자/이메일/우편 등)을 알려주세요.,전체 처리가 완료되기까지 보통 얼마나 걸리나요?
,,"7. 접수완료 후, 지급시간 안내 ",,"접수 완료 되었고, O시간 이내에 지급될 예정입니다. ",,,연금 신청/변경은 어떻게 하면 되나요?,연금 지급 방식과 선택 가능 항목을 알려주세요.,전체 처리가 완료되기까지 보통 얼마나 걸리나요?
,,※ 자동송금 등록안내 ,,"그리고, 고객님 이후부터는  매번 연금 신청하실 필요없이, 자동으로 받아보실 수 있도록 자동송금을 신청 해드릴까요? 
->자동송금 요청 시 등록 ",,,납입 계좌/카드 변경이나 등록은 어떻게 하면 되나요?,계좌/카드 정보는 어떤 항목을 준비하면 되나요?,적용 시점과 청구 일정은 어떻게 되나요?
56,"(면대면채널) 
보험 종목 변경
",1. 총 계약 건 수 안내 및 해당 계약 건 확인,,,,,계약자/수익자 정보 변경은 어떻게 하면 되나요?,변경 신청 시 필요한 확인 자료를 알려주세요.,변경된 내용은 언제부터 반영되나요?
,,2. 변경 이후 재 변경 불가,,보험 종목 변경 후에는 재 변경은 가능하지 않습니다. 괜찮으십니까?,,,계약자/수익자 정보 변경은 어떻게 하면 되나요?,변경 신청 시 필요한 확인 자료를 알려주세요.,변경된 내용은 언제부터 반영되나요?
,,3. (고혈압당뇨YES건강보험) 서류제출 안내,,건강검진결과지 또는 소견서 FAX 또는 문자 팩스로 발송해 주시면 접수 가능 합니다. ,,,계약자/수익자 정보 변경은 어떻게 하면 되나요?,접수 후 수령 방식은 어떻게 선택할 수 있나요?,변경된 내용은 언제부터 반영되나요?
,,4. 추징금 및 반제금 발생 및 금액 안내  ,,"[프라임평생설계보험]
자유설계형(1형)으로 변경할 경우, 피보험자가 60세 생존시 주계약의 40%(05.06.01이전은 50%)를 받으실 수 있습니다
변경 시 회사로 더 납입해주실 금액(추징금)발생과 보험료가 인상 됩니다. 
보험료는 000원에서 000원으로 인상되며, 납입하실 금액은 000원 입니다. 고객님의 계좌에서 즉시출금으로 납입하거나 가상계좌로 입금 가능하신데 어떤 방법이 좋으세요? ","[고혈압당뇨YES 건강보험]
표준체형(1형)으로 변경할 경우, 피보험자가 더 이상 고혈압 및 당노병 유병자가 아님을 증명하는 건강검진결과지와 소견서를 제출하여 조건을 충적하는 경우 계약전환이 가능 합니다. 
계약변경시 보험료는 000원에서 000원으로 변경 되고, 차액 발생 시 정산하여 지급해 드립니다. 
정산금액 입금 받으실 고객님 명의의 은행명과 계좌번호 말씀 부탁 드립니다",,납입 계좌/카드 변경이나 등록은 어떻게 하면 되나요?,계좌/카드 정보는 어떤 항목을 준비하면 되나요?,전체 처리가 완료되기까지 보통 얼마나 걸리나요?
,,"
5.Black list 검증 대상자의 국적 및 영문명
5-1. CDD & 실제 소유자 확인",,"(내국인의 경우) 실례지만 고객님 국적과 실제 거주하시는 곳은 동일하게 한국이시지요?
(외국인의 경우) 실례지만 고객님의 국적이 어떻게 되십니까? / 실제 거주하는곳도 동일하십니까?
소지하고 계신 신분증(주민등록증, 운전면허증, 외국인등록증 등)의 발급일자를 말씀해 주시겠습니까?
실례지만, 하시는 일이 어떻게 되시는지요? (+직장명이 어떻게 되십니까?)
이 계약의 실제 소유자가 [계약자명]님 맞으시죠? 
  → 아니오 인 경우: 실제 소유자 성명, 주민번호, 국적 확인",,,증권/약관/증명서 발급은 어떻게 신청하면 되나요?,필요 서류 종류와 발급 기준을 알려주세요.,전체 처리가 완료되기까지 보통 얼마나 걸리나요?
,,6. 최저 상환 금액 발생시 안내,,기존에 사용 중인 대출 원금의 일부와 이자 000원 상환 후 처리 가능합니다. ,,,보험계약대출 신청은 어떻게 진행하면 되나요?,이자 계산 기준과 상환 조건을 알려주세요.,대출금 지급까지 소요되는 시간은 얼마인가요?
,,7. 증권 자동 재 발송 안내,,,,,증권/약관/증명서 발급은 어떻게 신청하면 되나요?,수령 가능한 방식(문자/이메일/우편 등)을 알려주세요.,발급 완료까지 보통 몇 분 또는 며칠 걸리나요?
57,"UL 약정보험료
",1. 변경 후 월 약정보험료 금액 안내,,,,,계약자/수익자 정보 변경은 어떻게 하면 되나요?,변경 신청 시 필요한 확인 자료를 알려주세요.,변경된 내용은 언제부터 반영되나요?
,,2. 보험료 증액 또는 감액 가능함 안내,,,,,이 업무는 어떻게 신청하면 되나요?,처리 시 필요한 정보나 서류가 무엇인가요?,처리 방법과 소요시간을 안내해 주세요.
,,3. 증권 자동 재발행 안내,,,,,증권/약관/증명서 발급은 어떻게 신청하면 되나요?,수령 가능한 방식(문자/이메일/우편 등)을 알려주세요.,발급 완료까지 보통 몇 분 또는 며칠 걸리나요?
58,"연금정정
(연금계약변경)
",1. 총 계약 건 수 안내 및 해당 계약 건 확인,,"유지 중인 계약건 총 0건 있으신데요, 000 계약건에 대한 신청 이십니까?",,,계약자/수익자 정보 변경은 어떻게 하면 되나요?,변경 신청 시 필요한 확인 자료를 알려주세요.,변경된 내용은 언제부터 반영되나요?
,,2. 연금 변경 요청 내용 확인,,"현재는 00으로 되어 있는데 , 어떻게 변경하실 예정이십니까?",,,계약자/수익자 정보 변경은 어떻게 하면 되나요?,변경 신청 시 필요한 확인 자료를 알려주세요.,변경된 내용은 언제부터 반영되나요?
,,3. 연금 변경 기간  및 연금형태 설명,,스크립트 참조,,,계약자/수익자 정보 변경은 어떻게 하면 되나요?,변경 신청 시 필요한 확인 자료를 알려주세요.,변경된 내용은 언제부터 반영되나요?
,,4. Black list 검증 대상자의 국적 및 영문명 확인 ,,"(내국인의 경우) 실례지만 고객님 국적과 실제 거주하시는 곳은 동일하게 한국이시지요?
(외국인의 경우) 실례지만 고객님의 국적이 어떻게 되십니까? / 실제 거주하는곳도 동일하십니까?",,,계약자/수익자 정보 변경은 어떻게 하면 되나요?,변경 신청 시 필요한 확인 자료를 알려주세요.,변경된 내용은 언제부터 반영되나요?
,,5. 소요기간 및 발생 기준일 안내,,"평일기준 1~2일 정도 걸립니다 
[연금지급방법 변경시] 
변경된 주기는 다음해 연금 발생 기준일부터 적용
(ex. 연금개시일 2018.10.10 / 주기변경일 2020.05.10 ->적용일 2020.10.10)",,,계약자/수익자 정보 변경은 어떻게 하면 되나요?,변경 신청 시 필요한 확인 자료를 알려주세요.,전체 처리가 완료되기까지 보통 얼마나 걸리나요?
59,"EIUL 지수 기간 연장
",1. 총 계약 건 수 안내 및 해당 계약 건 확인,,,,,이 업무는 어떻게 신청하면 되나요?,처리 시 필요한 정보나 서류가 무엇인가요?,처리 방법과 소요시간을 안내해 주세요.
,,2. 지수 신청 가능 기간 및 단위 안내,,,,,이 업무는 어떻게 신청하면 되나요?,처리 시 필요한 정보나 서류가 무엇인가요?,처리 방법과 소요시간을 안내해 주세요.
,,3.  Black list 검증 대상자의 국적 및 영문명 확인 ,,"(내국인의 경우) 실례지만 고객님 국적과 실제 거주하시는 곳은 동일하게 한국이시지요?
(외국인의 경우) 실례지만 고객님의 국적이 어떻게 되십니까? / 실제 거주하는곳도 동일하십니까?",,,이 업무는 어떻게 신청하면 되나요?,처리 시 필요한 정보나 서류가 무엇인가요?,처리 방법과 소요시간을 안내해 주세요.
60,"목표 수익률변경
",1. 총 계약 건 수 안내 및 해당 계약 건 확인,,,,,계약자/수익자 정보 변경은 어떻게 하면 되나요?,변경 신청 시 필요한 확인 자료를 알려주세요.,변경된 내용은 언제부터 반영되나요?
,,2. 변경 전 후 목표 수익률 확인 및 안내,,,,,계약자/수익자 정보 변경은 어떻게 하면 되나요?,변경 신청 시 필요한 확인 자료를 알려주세요.,변경된 내용은 언제부터 반영되나요?
,,3. Black list 검증 대상자의 국적 및 영문명 확인 ,,"(내국인의 경우) 실례지만 고객님 국적과 실제 거주하시는 곳은 동일하게 한국이시지요?
(외국인의 경우) 실례지만 고객님의 국적이 어떻게 되십니까? / 실제 거주하는곳도 동일하십니까?",,,계약자/수익자 정보 변경은 어떻게 하면 되나요?,변경 신청 시 필요한 확인 자료를 알려주세요.,변경된 내용은 언제부터 반영되나요?
61,"VUWL 일시납 
종신보험 전환 신청
",1.  해당 계약 건 확인,,,,,연금 신청/변경은 어떻게 하면 되나요?,연금 지급 방식과 선택 가능 항목을 알려주세요.,변경 또는 신청 후 적용 시점은 언제인가요?
,,"2. 전환 가능 여부 확인
※[계약자와 피보험자 상이 건] _ 피보험자 동의 녹취 후 접수 가능",,"말씀하신 계약은 확정금리형 일시납형태의 종신보험 계약으로 전환이 가능한 상품입니다. 
종신전환 비교안내서' 작성 후 팩스(or 문자발송) 보내 주시면 전화상 접수 가능한데 신청 하시겠어요? (yes)
※[계약자와 피보험자 상이 건] 종신보험 전환 시에는 피보험자 OOO님의 동의 및 본인 확인(본인 인증)이 필요합니다. 통화 가능한 연락처를 말씀해 주시면 제가 전화 드리겠습니다. ",,,주소나 연락처 변경은 어떻게 진행하면 되나요?,"본인인증은 어떻게 진행하며, 실패 시 어떻게 하면 되나요?",변경 반영은 언제부터 확인할 수 있나요?
,,3. 전환 시 필수 안내 ,,"종신보험으로 전환 할 경우, 
전환 당시 해지환급금을 일시납보험료로 산출하므로 원금 손실이 있을 수 있고 주계약 보험가입금액이 감소할 수 있으며, 부가 된 특약은 모두 소멸(단, 완납 특약은 유지 여부 선택 가능)되어 해당 보장은 가능하지 않습니다. 또한 전환 변경 후에는 취소가 불가하니 이 점 유의해 주시기 바랍니다. 
(완납 특약 존재 시)보험료 납입이 완료 된 특약은 종신전환 후에도 그대로 유지하실 수 있는데 어떻게 하시겠어요? 유지를 원치 않으실 경우 완납된 특약도 해지 후 해지환급금을 전환 후 계약의 일시납 보험료에 합산하게 됩니다. 
또한 종신전환 후 보험가입금액은 일시납 보험료율에 의해 자동산출 되므로 고객님이 임의로 결정할 수 없으며, 
전환 전 계약의 보험가입금액을 초과할 수 없습니다.
종신전환 후에 가입금액에 대해 감액 및 특약삭제는 가능하나 그외 보험종류/보험기간/납입기간 변경은 불가합니다. 
먼저, 전환하실 경우 변경 전, 후 보험가입금액을 안내 해드리겠습니다.
▶ 현재 보험가입금액은 주계약 oo가입금액 --------원, 00특약 ------원 으로 오늘 기준 해지환급금은 ------원 입니다.(기대출금 존재 시, 대출원금과 이자 공제 후 금액으로 전환금액 산출 됨 안내)
▶ 전환하게 될 경우 보험가입금액은 ----------원, 일시납보험료 ---------원이 되며, 정산 후 환급금액은 -------원 입니다. 
다만 전환전 상품이 변액상품으로 기준가 적용에 따라 가입금액(+-1백만원) 또는 정산후 환급금액이 변동될수 있습니다. ",,,납입 계좌/카드 변경이나 등록은 어떻게 하면 되나요?,계좌/카드 정보는 어떤 항목을 준비하면 되나요?,적용 시점과 청구 일정은 어떻게 되나요?
,,4. 계약자 본인 인증 (피보험자 상이 시 피보험자 인증 필수),,,,,연금 신청/변경은 어떻게 하면 되나요?,연금 지급 방식과 선택 가능 항목을 알려주세요.,변경 또는 신청 후 적용 시점은 언제인가요?
,,"※ 계약자가 외국인이면서 반제금 발생 시 
 <비거주자판정기준표> 체크 후 해당 구비서류 안내 및 수령 후 접수",,"우선 신청 전에 '비거주자 판정 기준표'를 작성 해주셔야 하는데요, 전화상 업무이다보니 제가 기준표 상의 체크 항목을 질문 드리면 고객님께서 답변해주시는 것으로 작성을 대신하겠습니다. 괜찮으시죠? (yes)
 -> 비거주자판정기준표 확인 스크립트 참조",,,연금 신청/변경은 어떻게 하면 되나요?,연금 지급 방식과 선택 가능 항목을 알려주세요.,변경 또는 신청 후 적용 시점은 언제인가요?
,,"5 . Black list 검증 대상자의 국적 및 영문명
5-1. CDD & 실제 소유자 확인",,"접수를 위해 몇 가지 확인 부탁 드리겠습니다. 
(내국인의 경우) 실례지만 고객님 국적과 실제 거주하시는 곳은 동일하게 한국이시지요?
(외국인의 경우) 실례지만 고객님의 국적이 어떻게 되십니까? / 실제 거주하는곳도 동일하십니까?
* 이 계약의 실제 소유자가 계약자 OOO님 맞으시죠? 
* 신분증 검증(발급일자 등 확인)
* 실례지만, 하시는 일이 어떻게 되시는지요? (+직장명이 어떻게 되십니까?)",,,증권/약관/증명서 발급은 어떻게 신청하면 되나요?,필요 서류 종류와 발급 기준을 알려주세요.,전체 처리가 완료되기까지 보통 얼마나 걸리나요?
,,"6. 지급계좌 예금주,은행명,계좌번호 확인",,"반환금액을 받으실 고객님 본인 명의 계좌번호와 은행명 말씀해 주시겠어요?
마지막으로, '종신전환 비교안내서(계약자와 피보험자 작성 및 서명)'는 어떻게 받아보시겠어요? (이메일, 팩스, 우편, 홈페이지 다운)",,,납입 계좌/카드 변경이나 등록은 어떻게 하면 되나요?,"본인인증은 어떻게 진행하며, 실패 시 어떻게 하면 되나요?",적용 시점과 청구 일정은 어떻게 되나요?
,,"7. 접수완료 후, 지급시간  및 안내",,"전환 비교안내서 작성 후 고객센터로 팩스(or 문자전송) 보내주시면 접수 해드리겠습니다. 
접수가 완료되면 고객님의 휴대폰으로 해당 약관에 대한 안내 문자가 발송되니 참고하여 주시고요. 
처리는 (해당상품은 변액상품으로 접수일로 부터 평일기준 + 2영업일에 반영 및 지급되며), 처리가 완료되면 재발행된 증권을 확인하실 수 있는 경로가 문자로 발송되니 참고 하시기 바랍니다. 
(AIA+ 로그인 > 증명서신청클릭 > 가입증서발행확인 클릭 > 증권확인 가능(비밀번호 '생년월일' 입력))",,,주소나 연락처 변경은 어떻게 진행하면 되나요?,필요 서류 종류와 발급 기준을 알려주세요.,전체 처리가 완료되기까지 보통 얼마나 걸리나요?
