No.,Question,Domain_최종,,,,
1,앱으로 보험금 청구할 때 최대 금액이 얼마인가요?,보험금 보장,,,,
2,보험금 청구할 때 수익자도 같이 바꿀 수 있나요?,보험금 보장,,,,
3,사고 보험금도 세금을 떼나요?,보험금 보장,,,,
4,실손 통원의료비 청구 시 필요한 병원 서류가 무엇인가요?,보험금 보장,,,,
5,보험금서류에 개인정보 동의서 미비됐다는데 어떻게 보완해요?,보험금 보장,,,,
6,"약관 수술종류에 나오는 흡인, 천자는 무슨 의미야? ",보험금 보장,,,,
7,치아파절이 재해골절로 보장되나요?,보험금 보장,,,,
8,보험금청구권은 몇 년까지 유효한가요?,보험금 보장,,,,
9,해외에서 사고 발생시 보험보장이 되나요?,보험금 보장,,,,
10,충천치료 후 치아보험 청구 시 필요한 병원서류는 무엇인가요?,보험금 보장,,,,
11,상속을 포기한 경우 보험금청구도 할 수 없나요?,보험금 보장,,,,
12,표적항암약물허가치료 보험금 청구시 필요한 병원서류가 뭔가요?,보험금 보장,,,,
13,"사망 시 수익자가 법정상속인인 경우, 태아도 법정상속 권한을 갖나요?",보험금 보장,,,,
14,질병으로 입원비 청구시 구비서류가 어떻게 될까요?,보험금 보장,,,,
15,뇌출혈 진단비 청구시 구비서류는 어떻게 될까요?,보험금 보장,,,,
16,치매진단비 청구시 구비서류가 어떻게 될까요? ,보험금 보장,,,,
17,하비갑개축소술은 수술비 보장이 되나요?,보험금 보장,,,,
18,인공임신중정술은 보장이 가능한가요?,보험금 보장,,,,
19,석회화건염 체외충격파쇄석술을 받았는데 보장이 되나요?,보험금 보장,,,,
20,요실금 보톡스 주입술은 수술비 보장이 되나요?,보험금 보장,,,,
21,손가락에 관혈적 내고정술을 한 경우 수술 몇 종에 해당 되나요?,보험금 보장,,,,
22,치루 절제술은 몇 종 수술에 해당 하나요?,보험금 보장,,,,
23,인공수정체 교환술은 몇 종 수술로 보장이 되나요?,보험금 보장,,,,
24,레이저 후발백내장 수술을 받았는데 몇 종 수술로 보장이 되나요?,보험금 보장,,,,
25,레이저 홍채 절개술을 받은 경우 수술비 보장이 되나요?,보험금 보장,,,,
26,"치과에서 치조골 증대술을 받은 경우, 수술비 보장이 되나요?",보험금 보장,,,,
27,야그레이저후낭절개술의 경우 수술비 몇종에 해당 되나요?,보험금 보장,,,,
28,치핵근본수술을 한 경우 몇 종 수술로 보장이 되나요?,보험금 보장,,,,
29,족지간 오른손 신경종에 대하여 제거술 보장되나요?,보험금 보장,,,,
30,2002년 10월 30일에 가입한 AIG다보장의료보험에서 발정술 보장 가능한가?,보험금 보장,,,,
31,지아파절도 재해골절진단자금으로 보장되나요?,보험금 보장,,,,
32,완전정복암보험에서 여성특정암 종류가 뭐야,보험금 보장,,,,
33,완전정복암보험에서 3대암 종류가 뭐야,보험금 보장,,,,
34,2006년 10월 1일 가입한 다보장의료보험에서 남성생활질환에 관절염이 들어가나?,보험금 보장,,,,
35,"혈액암에 대하여 항암 치료 목적으로 
중심정맥관삽입술 시행시 보장되나요?",보험금 보장,,,,
36,"암 방사선 치료 시, 암 수술비를 지급하는 조건은 무엇인가요?",보험금 보장,,,,
37,갑상선 결절 고주파 절체술의 경우 보장이 되나요?,보험금 보장,,,,
38,안검하수증으로 안검교정술을 한 경우 보장될까?,보험금 보장,,,,
39,완전정복암보험의 3대특정암에서 보장하는 암종류가 무엇인가요?,보험금 보장,,,,
40,랑게르한스조직구증도 암으로 보장이 되나요?,보험금 보장,,,,
41,암 감마나이프 치료를 받은 경우 암 수술비 보장이 되나요?,보험금 보장,,,,
42,퍼펙트의료보험 주피보험자가 사망할 경우 종피보험자만으로 유지가 되나요?,계약정보,,,,
43,슬관절 왼쪽 오른쪽 동시에 수술한 경우 보장이 한번만 되나요?,보험금 보장,,,,
44,법정 전염병이 뭔가요?,보험금 보장,,,,
45,제1군 전염병이 뭔가요?,보험금 보장,,,,
46,A형 간염은 질병인가요?,보험금 보장,,,,
47,서울 종로구에 있는 키오스크청구가능병원을 알려주세요,보험금 보장,,,,
48,관상동맥우회술이 뭔가요,보험금 보장,,,,
49,경계성종양이란,보험금 보장,,,,
50,뇌졸증이 뭐지?,보험금 보장,,,,
51,뇌출혈과 뇌경색이 뭔지 알려줘,보험금 보장,,,,
84,림프성 백혈병은 고액암인가요?,보험금 보장,,,,
85,분류기호 C15에 해당하는 질병은 무엇인가요?,보험금 보장,,,,
86,"암 진단 당시에는 한국표준질병 분류에 해당하였는데, 이후 분류가 개정되어 해당하지 않게 되었습니다. 이 경우 보험금 지급 여부에 변동이 있나요?",보험금 보장,,,,
87,본태성(출혈성) 혈소판혈증(분류번호 D47.3)은 어떤 질병으로 분류되나요?,보험금 보장,,,,
88,분류기호 D37에 해당하는 질병은 무엇인가요?,보험금 보장,,,,
89,C50 코드는 무슨 질병이야,보험금 보장,,,,
90,C91 코드는 무슨 질병?,보험금 보장,,,,
91,D06 번호는 무슨 질병분류번호야?,보험금 보장,,,,
92,"상해수익자가 미성년자 1인으로 지정되어 있을 때, 미성년자 수익자 통장으로 수령하는 보험금 청구 서류는? (양친 생존의 경우)",보험금 보장,,,,
93,"상해수익자가 미성년자 1인으로 지정되어 있을 때, 미성년자 수익자통장으로 보험금을 수령하려고 해. 그런데 이혼으로 친권자가 1인만 있을 경우 추가로 필요한 서류가 있나요?",보험금 보장,,,,
94,상해수익자가 성년후견인일때 보험금청구서류 알려줘,보험금 보장,,,,
95,"사망수익자가 미성년자 1인으로 지정되어 있을때, 미성년자 부모2인이 모두 사망해서 후견인 지정이 되어 있다면 어떤 서류를 준비해야 하나?",보험금 보장,,,,
96,"상해수익자가 미성년자 1인으로 지정되어 있고, 친권자 통장으로 수령하고자 할 때, 어떤 서류가 필요할까",보험금 보장,,,,
97,"전화로 보험계약대출 신청 시, 최대 한도는?",대출,,,,
98,AIA+에서 보험계약대출 시 당일 상환 가능한가요?,대출,,,,
99,ARS로 만기보험금 신청 가능한가요?,제지급,,,,
100,만기보험금의 청구권자는?,제지급,,,,
101,청구권자가 미국 단순거주자인데 전화로 보험계약대출 가능한가요?,제지급,,,,
102,중도보험금 청구시 얼마부터 휴대폰 본인인증이 필요한가요?,제지급,,,,
103,4천만원 대출받으려고 하는데 휴대폰 본인인증만 받으면 되나요?,대출,,,,
104,AIA+에서 보험 해지 가능한가요?,계약해지,,,,
105,AIA+에서 제지급 최대 신청 가능 한도는?,제지급,,,,
106,"전화 제지급 신청 시, 청구권자가 외국인인데 여권 없이 국내 거주중인 경우에는?",제지급,,,,
107,AIA 평생 안심+달러 유니버셜 종신보험 원화로 제지급 가능한가요?,제지급,,,,
108,교도소 수감 중인 피보험자는 생존확인 서류를 어떻게 제출하나요?,제지급,,,,
109,수익자에게 압류 설정된 계약을 계약자가 제지급 신청 가능한가요?,제지급,,,,
110,계약자가 지급중지 설정한 계약의 중도보험금을 수익자가 신청 가능한가요?,제지급,,,,
111,EWS가 뭔가요?,제지급,,,,
112,EWS 대상 본인인증 신분증 인증 가능한가요?,제지급,,,,
113,청구권자가 미성년자인 경우 제지급 신청권자는?,제지급,,,,
114,청구권자가 외국인인 경우 제지급 대출 신청 우편접수 서류는?,대출,,,,
115,"청구권자가 성년 후견인인 경우(의식불명, 치매 등) 우편 신청시, 신청권자와 필요 서류는?",제지급,,,,
116,대출 전화 접수 시 한도금액은?,대출,,,,
117,AIA+에서 대출접수 한도는,대출,,,,
118,전화제지급 신청할 때 본인명의휴대폰인증을 필수로 해야하는 금액은,제지급,,,,
119,외화 제지급 신청할 때 본인명의휴대폰인증과 신분증인증 둘 다 해야 하는 금액은 얼마야?,제지급,,,,
120,청구자가 군인일때 대출을 우편으로 신청 시 필요한 구비서류,대출,,,,
121,계약자가 미성년자인데 편부모인 경우 제지급 지급계좌 친권자 계좌로 받을 때 방법,제지급,,,,
122,정액상환도 부분출금이 되나요?,제지급,,,,
123,"보험계약대출 전화 신청시, 본인인증 방법은?",대출,,,,
124,"APL 등록 중, 약관대출 가능금액 부족으로 실효가 되었습니다. 부활 후에도 APL유지되나요? ",대출,,,,
125,"보험계약대출 개인정보 제3자 제공'은 누구에게, 왜 하나요?",대출,,,,
126,"보험계약대출 시, 세금이 있나요?",대출,,,,
127,기 약관대출금이 있는 경우에는 APL 발생시 1회분 보험료와 이자를 합산하여 자동 대출이 발생 되는 건가요?,대출,,,,
128,APL 최초 자동 대출 월로부터 1년 이후 재 신청은 무엇 인가요?,대출,,,,
129, APL 이 신청되면 보험료 자동이체도 계속 청구되나요?,대출,,,,
130,APL 대출은 대출 이자를 어떻게 납입을 하나요?,대출,,,,
131,전화로 대출 신청 시 후대폰인증과 신분증인증 모두 다해야하는 금액은 얼마부터야?,대출,,,,
132,납입면제 계약은 대출이 가능한가,대출,,,,
133,AIA+대출신청 한도가 얼마야?,대출,,,,
134,친형의 계좌로 대출신청금을 받을 수 있나요?,대출,,,,
135,법인계약 건 대출 신청시 구비서류 알려주세요. 직원이 신청할 경우입니다,대출,,,,
136,경영인안심정기보험의 대출가능한도는?,대출,,,,
137,2020년 11월 9일 변액보험 대출 신청 시 지급시간?,대출,,,,
138,변액보험 대출 신청은 취소가 가능할까,대출,,,,
139,방카채널 외화보험 대출을 전화로 신청할 수 있나요,대출,,,,
140,외화상품 대출 시 어떤 용도일때 가능한지 알려줘,대출,,,,
141,미국달러보험 전화대출 접수 시 당일지급되려면 몇시까지 접수 되어야 하나?,대출,,,,
142,2005년 10월 계약인데 실효가 되었어. 기대출금이 있었는데 이자가 미납되고 있어서 납부하려고 하는데 어떻게 해야 돼?,대출,,,,
143,대출 인지세는 누가 부담하나요?,대출,,,,
144,계약대출 1억원 신청하면 인지세가 얼마야?,대출,,,,
145,총 신청금액으로 인지세는 계산되니?,대출,,,,
146,대출 청약철회가 뭔가요?,대출,,,,
147,"오늘 자동이체 통장에서 이체되는 날인데, 보험을해약하면 보험료 반환은? ",계약해지,,,,
148,"계약자가 미성년자인데, 엄마가 전화로 해약을 요청했어. 엄마계좌로 해약환급금 지급이 가능할까? 통신계약이야",계약해지,,,,
149,해약할 때 타인을위한프로세스 체크는 어떨때 하는거지?,계약해지,,,,
150,법인계약 해약 신청시 구비서류는? 대표자가 신청할때,계약해지,,,,
151,APL 사용계약 해약이 불가한가?,계약해지,,,,
152,언제 계약건부터 통신수단해지 여부 상관없이 해약접수 가능한지 알려줘,계약해지,,,,
153,스탭업변액연금은 해약 할 때 변액제지급 기준인가요?,계약해지,,,,
154,변액보험도 해지접수하면 MP에게 문자 발송되나요?,계약해지,,,,
155,일반상품인데 자동이체일 다음날 계약해지하면 보험료 반환되나요?,계약해지,,,,
156,자동이체일 다음날 계약해지하면 보험료 반환 안되나요?,계약해지,,,,
157,소멸시효완성일은 언제야?,계약해지,,,,
158,휴면보험금 전화 접수할 때 수령계좌는 본인계좌만 아능할까?,제지급,,,,
159,해약할때 관계확인서류 기존에 징구된 내용인 있다면 면제 되나요?,제지급,,,,
160,당사에서 안내한 휴면보험금 금액과 서민금융진흥원을 통해 접수해서 지급받은 금액이 차이가 나는데 왜 그럴까요?,제지급,,,,
161,서민금융통합 콜센터 번호 알려줘,제지급,,,,
162,해지 접수 된 건 취소 가능하죠? 아직 고객에게 송금 전이야,계약해지,,,,
164,납입면제된 계약도 해약때 보험료 납입한 것과 동일하게 해지환급금이 발생하는지 아니면 납입면제 되기 전까지  고객이 실제 납입한 보험료를 기준으로 해지환급금이 산출되는지? ,계약해지,,,,
166,현재 계약자가 정신치료 감호소 수감 중입니다. 계약을 해약하려면 어떻게 해야할까?,계약해지,,,,
167,"계약자가 유지중에 국적이 변경되었는데, 계약해지를 하려고 하는데 바로 접수해도 될까? ",계약해지,,,,
168,"계피 상이한 계약인데, 피보험자가 사망했어. 사망보장은 없는 계약인데 이 계약을 정리하려면 어떻게 해?",계약해지,,,,
169,사망 수익자 란에 “00은행”으로 되어 있습니다. 어떤경우 인가요? 처리가능 한가요?  ,제지급,,,,
170,"청구권자인 계약자 사망으로 해지하는 경우, 1인을 제외한 다른 모든 상속인이 상속 포기한 경우 구비서류 ",계약해지,,,,
172,파산관재인 인입하여 해지 문의 시 어떤 서류가 필요한가요? ,계약해지,,,,
173,피보험자가 사망했는데 계약에서 보장되는 항목은 없는 상태야. 계약은 어떻게 돼? ,계약해지,,,,
174,청약철회를 이메일로 접수할수 있나요?,제지급,,,,
175,청약철회 취소접수 방법 알려줘. 전화로접수한 건이야,제지급,,,,
176,청약철회 기간 내 계약자 변경되어 계약자의 연령이 변경 된 경우 철회가능기간도 변경되나요?,제지급,,,,
177,청약철회 기간 내 계약자 변경으로 계약자의 직업이 전문보험계약자로 변경된 경우 철회가 불가한가요?,제지급,,,,
178,"계약자 사망으로 상속인이 전화로 청약철회 요청 시, 구비서류는?",제지급,,,,
179,2025년 통신채널 계약 청약철회 가능 기간은?,제지급,,,,
180,청약철회 불가 대상은?,제지급,,,,
181,"일반상품 초회보험료 계좌입금했는데, 청약철회 접수하고 언제 반환되는지?",제지급,,,,
182,청약철회에 대한 지연이자도 발생하나요?,제지급,,,,
183,AIA+에서 청약철회 접수 가능한지?,제지급,,,,
184,AIA+에서 청약철회 신청 후 “대상 건이 없습니다”라는 팝업이 뜨는 경우?,제지급,,,,
185,청약철회한 보험료 반환되면 통장에 어떻게 표기되나요,제지급,,,,
186,청약철회되면 계약상태코드가 어떻게 돼?,제지급,,,,
187,청약철회 빠른지급요청건으로 접수하면 언제 지급되나요,제지급,,,,
188,청약철회 접수하고 당일 중에 빨리 지급받으려면 몇시까지 접수해야 돼?,제지급,,,,
189,대면채널 외화상품은 철회접수하면 언제까지 지급 돼?,제지급,,,,
190,초회보험료를 카드로 납부한 계약은 철회하면 카드승인 취소인가? 아니면 현금 반환인가?,제지급,,,,
191,중도보험금을 늦게 받아서 이자가 붙었다면 지급할 때 세금을 떼나요? ,제지급,,,,
192,"전화로 중도인출 요청 시, 최대 한도는?",제지급,,,,
193,AIA 달러로 받는 연금보험의 중도 인출 가능 금액과 가능 횟수는?,제지급,,,,
194,2011년 11월 1일 계약한 변액보험이데 실효예정건이면 중도인출 할 수 없나요? ,제지급,,,,
195,미국 시민권자인데 중도인출 전화로 신청 가능한가요?,제지급,,,,
196,"개인사업자 계약인데 중도인출을 전화로 접수할거야, 전화로 어떻게 접수 받아? ",제지급,,,,
197,중도인출 수수료도 있나요?,제지급,,,,
198,리얼라이프플랜서비스가 뭐지?,제지급,,,,
199,리얼라이프플랜서비스 이용하면서 추가로 중도인출 할 수 있나요?,제지급,,,,
200,기대출금액이 중도보험금 금액보다 크면 중도보험금 신청을 할 수 없나? ,제지급,,,,
201,중도급부 존재 상품중 중도급부 미지급 상태에서 수익자 변경 가능한지? ,제지급,,,,
202,중도보험금 자동송금 신청 가능 조건은?,제지급,,,,
203,"중도보험금이 발생하기 전에 만기수익자가 사망하였고, 현재 중도보험금 발생으로 청구하려고 할때 필요한 서류가 뭘까?  ",제지급,,,,
204,만기보험금도 ARS에서 신청 가능한가?,제지급,,,,
205,만기보험금 지급일자가 경과되어 미지급 만기보험금 존재 시 만기 수익자 변경 가능한지?,제지급,,,,
206,"전화로 배당급 접수시, 최대 신청 한도는?",제지급,,,,
207,배당금 지급 가능 계좌는?,제지급,,,,
208,GOLDEN CHOICE 연금보험 자기관리자금 지급거절제도가 뭐지? 신청하는 방법이나 조건도 알려줘,제지급,,,,
209,골든초이스연금보험의 자기관리자금지급일이 어떻게 돼?,제지급,,,,
210,골든초이스연금 계약에 자기관리자금 지급 거절신청 기한은?,제지급,,,,
211,골든초이스연금보험 자기관리자금 지급거절신청은 누가 해야돼?,제지급,,,,
212,배당금은 신청을 누가 해야돼? ,제지급,,,,
213,배당금 적립이율을 홈페이지에서 볼 수 있나요,제지급,,,,
214,비거주자 이자소득 원천징수 변경을 위한 구비서류는?,제지급,,,,
215,송금계좌로 자동 등록되는 기준조건이 뭐야?,제지급,,,,
216,송금계좌 자동등록 조건에서 이체실적은 보험료를 말하는 건가? ,제지급,,,,
217,"법인계약 송금계좌 전화 신청 시, 필요한 것은?",제지급,,,,
218,법인계약 송금계좌 신청시 우편구비서류가 어떤거야?,제지급,,,,
219,미성년자 계약 AIA+에서 송금계좌 등록 가능한지?,제지급,,,,
220,리얼라이프플랜 자금도 자동송금 신청 가능한가? ,제지급,,,,
221,종신연금형_보증기간부 상품의 자동송금 신청 가능 시점은?,제지급,,,,
222,상속형 연금 상품의 자동송금 신청 가능 시점은?,제지급,,,,
223,자동송금계좌 등록 전화 신청 할때 필요한 게 있어? ,제지급,,,,
224,비거주자의 이자소득 원천징수 적용 업무는?,제지급,,,,
225,미성년자 계약인데 우편으로 송금계좌 신청하려고 해. 어떤 서류가 필요해?,제지급,,,,
226,외화계좌를 송금계좌로 등록하고 싶을때 어떻게해,제지급,,,,
227,상속형연금도 자동송금등록이 가능한가?,제지급,,,,
228,상속형연금은 자동송금을 왜 1년마다 재신청해야 돼?,제지급,,,,
229,자동송금으로 지급된 건은 전산에 어떻게 표기돼?,제지급,,,,
230,만기수익자도 송금계좌 등록이 가능한가요?,제지급,,,,
232,은행에 내방해서 송금계좌 신청을 할 수 있나요?,제지급,,,,
233,AIA+에서 송금계좌등록이 가능한가?,제지급,,,,
234,송금계좌는 몇 개까지 등록할 수 있나?,제지급,,,,
235,법인계약으로 자동송금 우편신청방법 알려줘,제지급,,,,
236,비거주자 판정기준표 징구 대상자는?,제지급,,,,
237,비거주자 판정기준표 징구 적용 업무는 무엇?,제지급,,,,
238,비거주자 판정 대상자 구비서류는 무엇인가,제지급,,,,
239,재사수익자 은행에서 개인으로 변경할 때 우편접수에 필요한 서류는?,명의변경,,,,
240,"중도급부 발생 전에 만기수익자 사망했고, 급부 발생 이후에 만기수익자 변경할 때 필요한 서류는 무엇인지?",명의변경,,,,
241,공공기관제출용 수익자 명의변경사실 확인서 발행을 전화 신청 방법은?,명의변경,,,,
242,부부인데 호적에는 안올렸는데 계약자 또는 수익자 변경 가능한지?,명의변경,,,,
243,계약자가 미성년자 이고 계약자 변경을 할때 현재 엄마 아빠 연락이 안 되는데 인감증명서를 둘 다 꼭 받아야 하는지?,명의변경,,,,
244,"계약자변경 시 기존 계약자가 재외국민일 때, 우편접수 서류에 뭐가 추가되는지?",명의변경,,,,
245,"현재 계약자 : 미혼모 엄마
피보험자 : 자녀
이런 계약의 계약자, 만기수익자, 사망수익자를 피보험자의 외조부로 변경 가능한지 ?",명의변경,,,,
246,"계약자는 아빠이고, 피보험자가 미성년 자녀인데, 
부모 이혼하여 친권자는 아빠로 되어있어. 이럴때 엄마를 수익자 또는 계약자로 변경 가능한지 ?",명의변경,,,,
247,제3자가 본사 방문하여 계약자 변경할 경우 서류는?,명의변경,,,,
248, 재사수익자 상속비율을 변경하는 경우에도 수익자 변경 구비서류가 모두 필요한지?,명의변경,,,,
249,재사 수익자는 최대 몇 명까지 지정 가능하나요? ,명의변경,,,,
250,계약자가 가출 (또는 실종)하여 계약자를 변경하고자 하는 경우 어떻게 하는지?,명의변경,,,,
251,현재 계약자가 정신장애 1급 판정을 받은 상태라서 계약자 변경을 하려고 하는데 필요한 우편 서류가 뭘까? ,명의변경,,,,
252,"미국 영주권자인 자녀를 사망수익자로 변경 요청하는 경우로, 전산에는 호적상 주민번호로  등록되어있지만 외국인등록번호로 사망수익자 지정 요청 시 구비서류는?",명의변경,,,,
253,저축성보험을 법인에서 개인으로 계약자 변경 시 비과세 기간 계산은 최초 계약일 기준인가요? ,명의변경,,,,
254,"명의변경 하려고 하는데, 계약자가 사망한경우 가족관계 증명서를 반드시 사망자 이름으로 발급받아야만 하나요?",명의변경,,,,
255,명의변경 서류를 받았는데 인감증명서의 이름과 전산에 이름이 두음법칙으로 다른 경우 어떻게 해야 돼? ,명의변경,,,,
256,"제3자로 상해나 사망 수익자 변경 시, 변경 후 수익자가 현재 계약자와 동일 할 경우",명의변경,,,,
257,지정대리인이 신청 할 수 있는 업무는 무엇이 있나?,명의변경,,,,
258,지정대리인이 만기보험금 청구 시 고객거래확인서는 누구의 기준으로 작성하나요? ,명의변경,,,,
259,"재상수익자가 공란(미 지정) 또는 ""피보험자""로 기재 되어 있을 경우 바로 지정대리청구인 서비스 특약 부가 가능한가요?",명의변경,,,,
260,종피험자 보유 상품의 경우 지정대리청구인을 등록 한가요?,명의변경,,,,
261,보험금 청구 시 지정대리인의 통장으로 수령 가능한가요?,명의변경,,,,
262,지정대리인이 보험금 청구를 할때 필요한 서류는?,명의변경,,,,
263,피보험자의 삼촌으로 지정대리청구인을 지정할 수 있나요?,명의변경,,,,
264,지정대리청구인 신청 가능 조건은?,명의변경,,,,
265,만기환급금이 없는 계약은 지정된 만기수익자가 없어도 지정대리청구인 등록이 가능할까?,명의변경,,,,
266,피보험자가 교통사고로 뇌수술을 했는데 뇌사판정을 받았어. 지정대리청구인이 피보험자를 대신해서 입원비 수술비 보험금청구를 할 수 있나요? ,명의변경,,,,
267,지정대리청구인이 보험금을 본인 계좌로 수령할 수 있나요?,명의변경,,,,
268,피보험자가 치료 도중 사망한 경우 지정대리청구인인 사망보험금도 청구할 수 있을까요?,명의변경,,,,
270,신계약 1개월 이내에 상해수익자를 피보험자 본인으로 변경할 때 필요한 서류가 뭐야,명의변경,,,,
271,개인신용정보활용동의녹취 내용을 알려줘,명의변경,,,,
272,1개월이내 수익자변경은 언제까지 신청 가능한가,명의변경,,,,
273,1개월이내 만기수익자를 미국인으로 변경할 때도 1개월이내수익자변경 프로세스 적용될까?,명의변경,,,,
274,지정대리청구인 지정할 수 있는 범위로 3촌 이내 친족은 어느범위까지를 말하는거야?,명의변경,,,,
275,계약자를 변경해도 지정대리인은 그대로 유지되는 것인가?,명의변경,,,,
276,이미 등록되어 있는 지정대리인을 변경할 수 있나요,명의변경,,,,
277,지정되어 있는 지정대리인을 삭제할 수 있나?,명의변경,,,,
278,지정대리인 삭제를 우편으로 할때 필요한 서류가 뭐야?,명의변경,,,,
279,"계약자, 피보험자 만기수익자 모두 계약자와 동일한데, 재상수익자만 공란으로 되어 있는 상태일 때 지정대리청구인 등록을 할 수 없나요?",명의변경,,,,
280,자동부활 보험료 납입 시 본인계좌 이외에도 가능한지?,계약정보,,,,
281,"자동부활로 계약자 내방 하였으나, 피보험자 수익자의 주소정보가 등록되어 있지 않은 것으로 전산 표시되는 경우 어떻게 처리 하나요?",계약정보,,,,
282,"소멸시효 경과 건 자동부활 요청 시, 대응방법은?",계약정보,,,,
283,계약자에게 미납안내가 된 경우 미납안내완료로 보나요?,계약정보,,,,
284," 미납안내를 아웃 바운드 팀에서는 예금주나 피보험자에게도 안내하고 있는데, 이것도 미납안내 수신완료로 보나요? ",계약정보,,,,
285,"계약자가 미성년자일 경우 부, 모 모두에게 연체안내가 되어야만 연체안내가 된 걸로 인정이 되나요?",계약정보,,,,
286,미납안내는 이루워지지 않았으나 실효 이후 진단을 받았어도 상관없나요?,계약정보,,,,
287,"전화상으로 미납안내 받은 적이 없는 건이데, 계약자가 스스로 실효가 된 걸 알고 자동부활 요청하는데 가능할까? ",계약정보,,,,
288,"실효 된지 1년 넘은 계약인데, 미납안내도 해지통지도 반송안내까지 모두 받지 못한 경우에도 자동부활 기한이 정해져있나요?",계약정보,,,,
289,알림톡을 통해서만 미납안내 받은 경우 자동부활 안 되나요?,계약정보,,,,
290,해지우편물이 AIA생명으로부터 오긴 했으나 내용확인 하지 않고 폐기 했다고 했을 경우에는 수령으로 봐야 하는지요?,계약정보,,,,
291,실제 거주지와 행정상의 주소지가 틀린 경우 해지안내장미수령시 어떻게 해야하나요?,계약정보,,,,
292,주민등록초본으로 이사 날짜가 확인 가능한가요?,계약정보,,,,
293,주민등록초본 사본 처리 가능한가요? ,계약정보,,,,
294,카카오톡 전자문서로 aia생명에서 보내는게 있나요?,계약정보,,,,
295,실효안내문 등기배송 조회 어디서 하는지?,계약정보,,,,
296,자동부활이 뭐야,계약정보,,,,
297,2013년 7월 5일에 가입한 우리가족변액종신 계약인데 자동부활 가능할까? ,계약정보,,,,
298,"자동부활 가능 기한이 경과되어 일반부활 안내 하였으나, 거부하고 자동부활 요구하는 경우 방법?",계약정보,,,,
299,자동부활 보험료 입금일자에 따라 부활처리 일자 달라지는지?,계약정보,,,,
300,부활 청약을 한 당일에 부활 보험료를 입금해야 하나요? 다음날 입금하면 어떻게 되나?,계약정보,,,,
301,일반부활도 심사 후 거절 될 수 있나요?,계약정보,,,,
302,일반부활 가능 기간이 어떻게 되나요?,계약정보,,,,
303,일반부활 접수 방법은?,계약정보,,,,
304,일반부활 전화접수하는데 계약자가 미성년자이면 친권자 전화녹취로 가능할까?,계약정보,,,,
305,필리핀에 체류중인데 부활가능한가요?,계약정보,,,,
306,계약자가 법인일 때 일반부활 방법,계약정보,,,,
307,일반부활보험료 즉시출금 하려고 하는데 계약자 명의 계좌가 아니어도 가능한지?,계약정보,,,,
308,부활보험료를 분할해서 납부할 수 있는 서비스가 있는지 알려줘,계약정보,,,,
309, 계약자 또는 피보험자가 해외 체류 중인경우에는 일반부활 청약이 가능한가요?,계약정보,,,,
310,부활 반송되면 기납입 보험료 다 돌려주는지 문의한 경우 ,계약정보,,,,
311,부활 후 증권 재발행이 되나요?,계약정보,,,,
312,계약자가 교도소 수감중인데 일반부활 접수 가능할까? 계약자와 피보험자가 같은 사람이야,계약정보,,,,
313,"직업,운전 통지 상품은 부활 접수 전에 직업운전 변경 되었으면 직무직종 통지해야 하나요",계약정보,,,,
314,부활접수 중인데 동일직업으로 근무지만 변경된 경우 직무직종 통지 후에 부활 접수 가능한가요?,계약정보,,,,
315,"꼭 필요한 건강보험 일반 부활 시 메디컬 언더라이팅 3개 질문 중 1개라도 ""예""가 있는 경우에는 부활접수 되는지요?",계약정보,,,,
316,신계약 청약시 대표친권으로 진행 안했는데 부활 시 대표친권으로 처리 가능한지?,계약정보,,,,
317,방카채널 가입건도 전화로 부활 가능한가요?,계약정보,,,,
318,계약자가 법인인데 전화로 일반부활 신청이 가능할까?,계약정보,,,,
319,현명한엄마가 고른 AIA어린이보험 피보험자가 태아인 경우에 부활 접수 되나요?,계약정보,,,,
320,"청약 당시에는 내국인이었는데, 현재는 계약자 미국시민권자야. 이경우 일반부활 접수 가능할까?",계약정보,,,,
321,"청약 당시에도 미국시민권자였다면, 일반부활 신청이 가능한거야?",계약정보,,,,
322,일반부활보험료도 카드로 결제 가능한가요?,계약정보,,,,
323,일반부활 시 보장개시일은 어떻게 적용되나요?,계약정보,,,,
324,"어린이보험인데 부활 시 직업이 대학생으로 변경되어, '피보험자의 직업코드를 확인하십시오'라는 메시지가 팝업되는 경우 어떻게 해?",계약정보,,,,
325,지정한 자동이체 일에 이체가 안 되면 또 언제 출금이 되는지요?,보험료납입,,,,
326,은행에서 자동이체 등록 시 언제 이체가 되나요?,보험료납입,,,,
327,외국인이 국내 계좌 개설 가능하나요? 이 통장으로 자동이체도 가능 하나요?,보험료납입,,,,
328,"기 승인 받은 계좌인데, 예금주 성명이 개명 되었습니다 .기 승인 계좌로 인식되나요?",보험료납입,,,,
329,휴대폰소액결제로 추가납입 보험료도 결제되나요?,보험료납입,,,,
330,휴대폰소액결제로 부활보험료도 결제되나요?,보험료납입,,,,
331,당사에 보험이 여러건이면 휴대폰소액결제도 합산출금 되나요?,보험료납입,,,,
332,휴대폰 결제 내역에 표기되는 문구는 어떻게 되나요 ?,보험료납입,,,,
333,소액결제 시 인증번호 받고 이러한 절차는 없나요 ?,보험료납입,,,,
334,휴대폰소액결제 납입자가 모집인인 경우 기준은 자동이체와 동일한가요?,보험료납입,,,,
335,휴대폰소액결제 자동이체 연결에 대한 동의는 최초 1회 받으면 되나요?,보험료납입,,,,
336,"휴대폰소액결제 자동이체의 계약자와 납입자가 상이한 경우, 통신사 순차연결 동의녹취는 납입자에게 동의를 획득하면 자동 연결 되나요? ",보험료납입,,,,
337,"소액결제 실패 시, 따로 알림이 오나요? ",보험료납입,,,,
338,"계약자가 MP가족이라는데, 이 경우 납입자를 MP로 할 수 없나요?",보험료납입,,,,
339,보장성보험은 대면채널이어도 카드 자동이체 다 되는거지?,보험료납입,,,,
340,개인사업자 카드로 자동이체 등록할 때 필요한 서류가 있어?,보험료납입,,,,
341,자동승계카드 종류 알려줘,보험료납입,,,,
342,휴대폰소액결제 승인일이 언제야?,보험료납입,,,,
343,보험료 즉시이체 납입자 범위는?,보험료납입,,,,
344,(무) 안심플러스인덱스유니버셜 상품의 수시추가납입 조건은?,보험료납입,,,,
345,저축성 상품도 카드 RTB 가능한가요?,보험료납입,,,,
346,즉시이체는 아무때나 가능한가요?,보험료납입,,,,
347,증권사 계좌로 RTB 가능한가요?,보험료납입,,,,
348,계좌 rtb 불가한 은행?,보험료납입,,,,
349,연금보험은 휴대폰소액결제로 보험료 납부 가능한가,보험료납입,,,,
350,카드결제할때 얼마부터 할부 가능해?,보험료납입,,,,
351,알티비 안되는 은행이 어디야?,보험료납입,,,,
352,외화계좌에서 rtb 할 수 있나요?,보험료납입,,,,
353,외화계좌 자동이체 오라스화면 코드 알려줘,보험료납입,,,,
354,AIA 평생 안심+달러 유니버셜 종신보험 카드결제 가능한가요?,보험료납입,,,,
355,즉시이체 가능한 업무는?,보험료납입,,,,
356,즉시이체 가능한 최소 금액은?,보험료납입,,,,
357,압류통장에서 즉시이체 가능?,보험료납입,,,,
358,RTB 통장표기 내용은?,보험료납입,,,,
359,현재 납입자가 본인의 계좌로 결제 요청하는 경우에도 녹취가 필요한지?,보험료납입,,,,
360,유앤아이종신보험은 카드자동이체 등록 불가한가요?,보험료납입,,,,
361,"RTB 시도 후 ""사용중인 증권번호입니다""라는 오류가 뜰 때 처리 방법은?",보험료납입,,,,
362,"원화환산 납입 시, 자동이체로 납입된 보험료는 환산 기준일이 언제야?",보험료납입,,,,
363,원화환산 납입된 초회보험료는 환산기준일자가 어떻게돼?,보험료납입,,,,
364,가상 계좌 발급 후 얼마동안 사용가능한가요?,보험료납입,,,,
365,가상 계좌 입금가능시간은?,보험료납입,,,,
366,보험료 납입중지 기능을 설명해줘,보험료납입,,,,
367,골든초이스연금 상품은 일시납입중지 신청을 언제부터 할 수 있어?,보험료납입,,,,
368,변액유니버셜 상품인데 납입중지 기간 설정 가능한가요?,보험료납입,,,,
369,납입중지하면 실효될 일은 없나요?,보험료납입,,,,
370,일시납입중지 최대 기한은?,보험료납입,,,,
371,납입중지 시 필수안내사항은?,보험료납입,,,,
372,에버래스팅 상품 월대체보험료는 어디서 충당하나요?,보험료납입,,,,
373,뉴 부자아이변액유니버셜은 일시납입중지 신청 언제부터 가능한지?,보험료납입,,,,
374," 다이아몬드 웰스 변액연금 5년납 상품인데, 언제부터 일시납입중지 신청 가능한가요?",보험료납입,,,,
375,일시납입중지는 납입중지와 다른건가?,보험료납입,,,,
376,일시납입중지 시 자동이체 해지해야 하나요?,보험료납입,,,,
377,일시납입중지 신청하면 전월 미납분부터 적용 가능?,보험료납입,,,,
378,일시납입중지 기간 중에 보험료납입 가능한가요,보험료납입,,,,
379,일시납입중지 해두었다면 실효는 안 되는거죠?,보험료납입,,,,
381,"계약자가 미성년자인 경우, 미납안내는 누구한테 해야 완료되나요?",보험료납입,,,,
382,문자로 발송된 미납안내도 효력이 인정되는지요?,보험료납입,,,,
383,미납 안내 완료로 보는 대상자는 어떻게 되나요? 수익자에게 안내 시에도 미납 안내 완료로 보나요?,보험료납입,,,,
384,"프라임유니버셜상품인데, 해지환급금이 없어서 실효예정계약 건의 보험료 납부안내는 어떻게 하나요?",보험료납입,,,,
385,실효방지를 위한 휴대폰 결제신청 서비스가 뭔가요?,보험료납입,,,,
386,실효방지를 위한 휴대폰 결제신청 서비스는 타인 휴대폰으로도 신청가능한가요?,보험료납입,,,,
387,유니버셜 상품의 실효조건은?,보험료납입,,,,
388,관리 대출금은 무엇인가요?,보험료납입,,,,
389,PUL 모든 상품은 관리 대출금이 있나요?,보험료납입,,,,
390,관리대출금 조회는 어디서 해?,보험료납입,,,,
391,저축성보험도 실효방지 휴대폰결제서비스 신청 가능할까,보험료납입,,,,
392,계약자 법인인 경우 미납안내를 누가 받아야 하나?,보험료납입,,,,
393,보험료 입금마감일 +1일까지 연장되는 건 대상이 어떻게 되지?,보험료납입,,,,
394,"보험료납입방법을 직납으로 바꾸면, 2연체휴대폰결제 서비스는 어떻게 돼?  ",보험료납입,,,,
395,법인계약도 실손보험료 환급제도 적용이 되나요,제지급,,,,
396,실손보험료 환급 신청 조건이 뭔가요,제지급,,,,
397,실손보험료환급 신청 후 반환은 얼마만에 되나요,제지급,,,,
398,해지한 계약도 실손보험료환급 요청이 되나요,제지급,,,,
399,실손보험료 환급 시 약 1~2주 소요 되는데 소요기간에 대한 이자 지급이 있나요?,제지급,,,,
400,전화로 실손보험료 환급 신청 시 필요한 서류는?,제지급,,,,
401,실손보험료 환급 시 반환 방법은?,제지급,,,,
402,실효계약이나 만기계약도 실손보험료 환급 요청 되나요?,제지급,,,,
403,실손보험료 환급 소멸시효는?,제지급,,,,
404,실손보험료 환급에 해당되는 기간 기준은?,제지급,,,,
405,"카드로 보험료 납부한 계약인데, 해외에 장기간 나가있어서 실손보험료환급 신청하면 보험료 환급은 뭘로 해주는 건가?",제지급,,,,
406,해외 체류기간이 얼마나 돼야 실손보험료환급해 주는거야?,제지급,,,,
407,피보험자 명의로 소득공제발행 가능한가요,증명서 안내장,,,,
408,계약자와 피보험자 따로 소득공제증명서 발행이 가능한가,증명서 안내장,,,,
409,고지의무위반으로 해약환급금 또는 기납입보험료 반환된 계약도 소득공제증명서 발행이 가능한가,증명서 안내장,,,,
410,해지환급금 산출 내역서 신청이 가능한 상품은?,증명서 안내장,,,,
411,"비월납 계약의 경우, 소득공제대상액을 어떻게 계산해? ",증명서 안내장,,,,
412,부활 계약의 소득 세액공제 대상은?,증명서 안내장,,,,
413,감액완납한 계약의 소득 세액공제 대상은?,증명서 안내장,,,,
414,소득세액공제증명서 팩스로 발송하면 도착시간이 얼마나 걸려?,증명서 안내장,,,,
415,"소득공제납입증명서 및 보험료 납입증명서, 잔액증명서등 AIA+에서 법인(or) 미셩년자도 신청 가능한가요? ",증명서 안내장,,,,
416,피보험자가 배우자인 보장성보험도 소득세액공제를 받을 수 있는지요?,증명서 안내장,,,,
417,"소득공제받는 보험이 여러건인데, 한 건만 소득공제증명서 발행할 수 있나요? ",증명서 안내장,,,,
418,월별 또는 예를 들어 2월~10월까지 특정 월구간별로 소득공제증명서 발행 가능한가요?,증명서 안내장,,,,
419,"계약자를 변경한 계약건인데, 계약자를 변경하기 전 납입내역 포함해서 소득공제납입증명서 발행 가능해요?",증명서 안내장,,,,
420,카드로 납입한 보험료는 카드사용대금 소득공제 포함되나요?,증명서 안내장,,,,
421,변액 상품 계속보험료 잔액증명서 발행 기준은?,증명서 안내장,,,,
422,기준일을 과거로 해서 잔액증명서 발급 가능한가요?,증명서 안내장,,,,
423,전산의 해지(해약)환급금과 잔액증명서의 해지(해약)환급금이 왜 다르죠?,증명서 안내장,,,,
424,월별 보험료 납입증명서 영문 발행 가능한가요?,증명서 안내장,,,,
425,월별 보험료 납입증명서   납입방법 표기는 어떻게 되나요?,증명서 안내장,,,,
426,명의변경 사실 확인서 이메일로 받을 수 있나요?,증명서 안내장,,,,
427,연급 지급내역서 발행 기준은?,증명서 안내장,,,,
428,계약자가 해지환급금산출내역서를 aia+에서 신청할 수 있나?,증명서 안내장,,,,
429,연금지급내역서는 누가 신청할 수 있나요?,증명서 안내장,,,,
430,우편물 수령지를 해외주소지로 등록안해주는 이유가 뭔가요,고객정보,,,,
431,계약자가 치매상태로 가족이 전화상 주소지변경을 요청하는 경우 변경처리 가능한가,고객정보,,,,
432,"계약의 체결을 위한 개인신용정보 수집.이용, 조회, 제공 동의  항목에서 수집 이용할 개인정보의 내용이 무엇인지?",고객정보,,,,
433,분리보관은 언제되는거야?,분리보관,,,,
434,분리보관 된 이력은 있지만 분리보관조회가 안 되는 경우는 뭘까?,분리보관,,,,
435,계약자가 주소가 바뀌면 회사에 왜 알려야 하는건지?,고객정보,,,,
436,계약자가 우편물 수령지를 회사와 자택 2곳으로 등록해 달라고 하는데 가능할까? ,고객정보,,,,
437,우편물을 E-mail로 보내줄 수 있는지?,고객정보,,,,
438,우편물을 받기 싫다며 보내지 말라고 요청한 경우?,고객정보,,,,
439,계약자 주소지 정보에 업무지 주소만 등록할 수 있나요? ,고객정보,,,,
440,계약자가 의식불명 상태로 가족이 전화 상  “주소변경”을 요청할 경우,고객정보,,,,
441,"고객정보제공불가 신청 시, 제공중지되는 정보 종류는?",고객정보,,,,
442,보험금 청구권 소멸시효는?,보험금 보장,,,,
443,분리보관된 계약인데 계약사항만 조회할 때 본인인증 해야돼?,분리보관,,,,
444,분리보관 계약 정보조회하는데 얼마나 걸린다고 안내해야 해?,분리보관,,,,
445,실효된 계약도 증권재발행이 되나?,계약정보,,,,
446,해지계약 증권재발행 방법은?,계약정보,,,,
447,계약자 의식불명으로 상속인이 증권재발행 요청시 필요한 서류가 무엇인지?,계약정보,,,,
449,디지털다이렉트 가입한 경우 청약서 재발행이 가능한가,계약정보,,,,
450,계약자 치매일 경우 증권 재발행 시 신청권자 및 구비서류는?,계약정보,,,,
451,계약자 사망일 경우 증권 재발행 시 신청권자 및 구비서류는?,계약정보,,,,
452,"AIA+에서 증권재발행 신청 시, 수령 가능한 방법 과 소요 시간은?",계약정보,,,,
453,2023.02.01에 통신채널 계약했는데 상품 설명서 및 청약서 재발행 가능한가요?,계약정보,,,,
454,AIA+에서 고객이 직접 청약서 재발행 가능한가요?,계약정보,,,,
455,8채널 가입 계약건은 다이렉트사이트에서 가입확인서 같은거를 볼 수 있나?,계약정보,,,,
456,증권재발행 신청 이후에 취소가 가능한가?,계약정보,,,,
457,증권재발행하면 과거에 만기된 특약도 보여지나요?,계약정보,,,,
458,감액반제금 계약자계좌외 지급가능한가요(통신채널기준),계약정보,,,,
459,미성년자 감액시 전화접수할 때 어떻게 하나요?,계약정보,,,,
460,"비흡연 할인 중인 계약인데, 비흡연할인 적용 가능한 기준금액 밑으로 감액하면 할읹적용은 어떻게 돼?",계약정보,,,,
461,실효예정건인 변액상품을 말일자에 감액요청하는데 신청 가능할까? ,계약정보,,,,
462,"감액 접수건 승낙 완료가 되었는데, 감액취소가능한가요",계약정보,,,,
463,"변액상품 중 대출최저상환을 해야하는경우도 감액접수
가능한가요",계약정보,,,,
464,감액 이후에 증액가능한가요,계약정보,,,,
465,바이탈리티 적용 특약삭제시 멤버십도 종료되나요,계약정보,,,,
466,납입면제건도 감액가능한가요,계약정보,,,,
467, 감액시 AML(자금세탁방지법) 대상은  누구인가요,계약정보,,,,
468,철회기간에도 감액 가능한가요,계약정보,,,,
469,감액 가능한 조건 알려주세요,계약정보,,,,
470,비흡연할인특약 가입된 계약은 감액이 불가한가요?,계약정보,,,,
471,법인계약 감액신청 전화접수 방법은?,계약정보,,,,
472,변액보험 계약변경 시 반제금 종가기준을 알려주세요,계약정보,,,,
473,감액도 비교안내 대상인가요?,계약정보,,,,
474,실효건 감액가능한가요,계약정보,,,,
475,대출이있을경우 감액접수 가능한가요,계약정보,,,,
476,감액시 건강관리자금도 줄어드나요,계약정보,,,,
477,건강플러스 할인율?,계약정보,,,,
478,청약 시 당뇨 고지했으면 건강플러스 할인 신청이 안되는지? ,계약정보,,,,
479,건강플러스 할인 신청 전화접수 시 필요한 서류가 뭐야?,계약정보,,,,
480,실손의료비 상품 보험료 할인 신청대상은?,계약정보,,,,
481,의료급여수급권자는 보험료 할인이 되는 제도가 있다는데 그게 뭐야?,계약정보,,,,
482,내국인 성인 의료급여 수급권자 보험료 할인 우편 신청시 필요서류는?,계약정보,,,,
483,목표수익률 변경 대상 상품 및 변경 가능 수익률은?,변액 펀드,,,,
484,목표수익률 변경 시 바로 적용되나요?,변액 펀드,,,,
485,에버래스팅보험 약정보험료 변경할 수 있는 한도가 있어?,계약정보,,,,
486,최초 지수 연동 기간은?,계약정보,,,,
487,지수연동 기간 연장 최대 기한은?,계약정보,,,,
488,실효된 계약인데 연납을 월납으로 바꿀 수 있는지?,계약정보,,,,
489,납입주기변경은 누가 신청할 수 있나요?,계약정보,,,,
490,납입주기를 월납에서 6개월납으로 변경하려면 현재 납입횟차가 어떻게 되어 있어야 하는지? ,계약정보,,,,
491,납입주기 변경이 불가능한 조건이 있나요?,계약정보,,,,
492,자동이체 청구 중에 납입주기를 월납에서 3개월납으로 변경하면 어떻게 되나요?,계약정보,,,,
493,납입기간 단축으로 추징금이 발생하면 어떻게 납부하지?,계약정보,,,,
494,건강플러스할인 대상 상품이 뭐지? 할인율이 몇 프로야?,계약정보,,,,
495,건강플러스 할인은 언제든지 신청해도 되는지?,계약정보,,,,
496,기대출금이 있는 계약은 납입기간 변경 시 대출금 상환해야 하나?,계약정보,,,,
497,납입기간 변경 시 저축성 상품에 대해 추징금은 카드납부가 가능한가요? ,계약정보,,,,
498,의료수급권자 실손보험료 할인 신청은 계약자가 하는 거 맞죠?,계약정보,,,,
499,의료수급권자 상실하면 실손보험료 할인적용이 안되나요?,계약정보,,,,
500,의료급여 수급권 자격상실된 경우 보험회사에 신고를 해야 하나?,계약정보,,,,
501,"청약 당시 고혈압, 당뇨 고지 후 가입되었습니다. 현재는 이상이 없는데 건강할인신청 가능한가요?",계약정보,,,,
502,건강할인신청은 소급적용이 가능한가요?,계약정보,,,,
503,지급중지 설정된 계약의 납입주기를 전화상으로 변경 가능한가요?,계약정보,,,,
504,계약자 요청에 의한 지급중지 설정 및 해제 방법을 알려주세요,계약정보,,,,
505,비흡연할인 신청조건을 알려주세요 ,계약정보,,,,
506,비흡연할인은 계약자가 신청하는건가요?,계약정보,,,,
507,비흡연할인 가능상품을 알려주세요,계약정보,,,,
508,"보험 대상자의 직업, 운전차종 변경통지 
구비서류를 알려주세요",계약정보,,,,
509,두가지 이상의 직업이 있는 경우 어떤 직업이 위험등급에 적용되나? ,계약정보,,,,
511,갱신불원 접수 가능기간을 알려주세요,계약정보,,,,
512,미성년자계약 갱신불원 전화접수 방법은 어떻게 되나요?,계약정보,,,,
513,직무직종 통지 의무 대상 상품은 무엇인가요?,계약정보,,,,
514,직무직종변경 신고를 할때 어떤 내용을 알려야 해? ,계약정보,,,,
515,직무직종 변경 통지를 해야하는 사람은 누구인가? 피보험자인가? ,계약정보,,,,
516,비 흡연 특약에 가입되어 있는데 흡연을 하게 되면 어떻게 되나요?,계약정보,,,,
517,비흡연 할인을 신청하려는데 전화로 접수하는 방법 알려줘,계약정보,,,,
518,"비흡연 받던 고객인데 흡연으로 변경한다고 하네요, 전화로 접수할때 어떤 것이 필요해?",계약정보,,,,
519,펀드변경은 몇 번까지 신청할 수 있어?,변액 펀드,,,,
520,펀드변경은 계약하고 언제부터 가능해?,변액 펀드,,,,
521,펀드변경하면 적립금이전은 언제되는거야,변액 펀드,,,,
522,부활 시 다시 펀드투입비율을 변경할 수 있나?,변액 펀드,,,,
523,적립금이전 신청했는데 투입되기 전에 취소 가능할까? ,변액 펀드,,,,
524,펀드 자동재분배은 신청 후에 취소 할 수도 있고 다시 신청할 수도 있는 거죠?,변액 펀드,,,,
525,펀드수익율 알림서비스 신청은 아무 계약이나 할 수있나,변액 펀드,,,,
526,펀드변경과 펀드투입비율변경의 차이는?,변액 펀드,,,,
527,펀드 운영갯수는 몇개까지 가능한가요,변액 펀드,,,,
528,펀드변경 접수마감은 몇시까지야,변액 펀드,,,,
529,"성인 계약자 전화로 펀드변경 신청 시, 필요 서류는?",변액 펀드,,,,
530,"미성년자 계약자 우편으로 펀드변경 신청 시, 필요 서류는? ",변액 펀드,,,,
531,편드변경 비율 단위는? ,변액 펀드,,,,
532,자동재분배 신청 기준은?,변액 펀드,,,,
533,자동재분배 신청 가능 횟수는?,변액 펀드,,,,
534,펀드변경과 펀드투입비율변경 동시에 가능한지?,변액 펀드,,,,
535,"보험료 자동이체일이 25일인데 주식형 100%에서 채권형 100%로 5/15일에 펀드 투입비율변경할 경우, 어떻게 적용되는지?",변액 펀드,,,,
536,감액완납이 무엇인가요?,계약정보,,,,
537,납입면제 중인 계약도 감액완납이 가능한가요?,계약정보,,,,
538,감액완납이 불가능한 경우가 또 어떤 것들이 있어?,계약정보,,,,
539,감액완납 전화접수 시 필요한 서류는?,계약정보,,,,
540,감액완납 후 취소되나요?,계약정보,,,,
541,감액완납 시 특약은 보장 받을 수 없나요?,계약정보,,,,
542,감액완납 가능 조건은?,계약정보,,,,
543,법인 계약 감액완납 직원도 신청 가능한가요?,계약정보,,,,
544,법인 계약 감액완납 신청방법은?,계약정보,,,,
545,연장정기가 무엇인가요?,계약정보,,,,
546,연장정기 가능한 조건은?,계약정보,,,,
547,연장정기 전화접수 시 필요한 서류는?,계약정보,,,,
548,법인계약 연장정기 직원 대리 신청 가능한가요?,계약정보,,,,
549,연장정기 후 취소되는지?,계약정보,,,,
550,연장정기 후 해지 되는지?,계약정보,,,,
551,연장정기 시 보험기간 계산 될 때 연령의 기준 문의 시?,계약정보,,,,
552,연장정기 후에도 보험계약대출 가능한지 문의 시 ,계약정보,,,,
553,연장정기 후에 연금전환 가능 문의 시?,계약정보,,,,
554,계약자 아닌 제3자가 민원접수 요청하면 어떻게 해? ,민원,,,,
555,계약자가 당사 활동 모집인인 경우에 민원접수 가능한지?,민원,,,,
556,"자동부활 가능 기한 경과 건 일반부활 안내 하였으나, 거부하고 자동부활 요구하는 경우에는?",민원,,,,
557,고객의 개인정보 유출과 관련 확인 요청 및 사고 대응 등을 위해 문의 시에는?,민원,,,,
558,소멸계약 증권 재발행 요청 시 대응법은?,민원,,,,
559,위법계약 해지가 뭐지?,민원,,,,
560,위법계약해지 요구는 언제까지 가능한가요?,민원,,,,
561,위법계약해지신청방법은? 전화로 가능한가?,민원,,,,
562,위법계약해지 신청할때 필요한 서류가 뭐야?,민원,,,,
563,품질가능해지 가능 기간은?,민원,,,,
564,품질가능해지 가능 조건은?,민원,,,,
565,품질 보증해지 접수 시 결과 및 소요 시간은?,민원,,,,
566,품질 보증해지 접수 제한 사항은?,민원,,,,
567,보험금 지급 된 계약도 품질보증해지 가능한가요?,민원,,,,
568,담당 MP가 없는데 반드시 지정하지않아도 되는 것인지?,설계사,,,,
569,실효상태에서 MP지정 문의 시?,설계사,,,,
570,MP가 본인 계약 건 본인으로 이관 요청시?,설계사,,,,
571,미성년자계약 이관동의서 외에 추가 제출 서류 및 작성방법은?,설계사,,,,
572,타 채널의 계약 건을 단체영업 소속의 MP로 이관 가능 한지?,설계사,,,,
573,활동MP 건을 다른 MP로 변경할 수 있는 조건은?,설계사,,,,
574,계약상태 10이 어떤 상태?,신계약 미결,,,,
575,보험 계약 반송 안내문을 받았는데 무엇인지 문의한 경우?,신계약 미결,,,,
576,부담보가 무엇인가요?,보험금 보장,,,,
577,"통신채널 청약 당시 부담보 설정 된 부위 완치 후 부담보 해제 가능하다고 안내 받았다고 하는 경우, 접수 및 검토 가능 조건은?",신계약 미결,,,,
578,건강 재고지 접수 가능기간은? 통신채널 건이야,신계약 미결,,,,
579,대면채널 계약 우편으로 자필서명재고지 하는 방법은?,신계약 미결,,,,
580,실효상태에서 재고지 가능한가요?,신계약 미결,,,,
581,재고지 결과 M2 보완 나온 경우 어떻게되는건지요?,신계약 미결,,,,
582,동일한 증권번호에 대해 재고지 여러 번 가능한가요?,신계약 미결,,,,
583,8채널 계약도 재고지 가능한가?,신계약 미결,,,,
584,재고지했는데 미결로 부담보 설정이 되었을 경우 어떻게 해야 돼?,신계약 미결,,,,
585,AIA+에서 보험금청구 가능한 시간대는?,채널 표기 코드,,,,
586,AIA+에서 보험계약대출 후 당일 바로 상환가능한가요?,채널 표기 코드,,,,
587,아이폰에서 보이는ARS 자동 팝업이 되었으면 좋겠어요~ SMS의 URL 클릭이 불편해요.,채널 표기 코드,,,,
588,"모든 조건(OS, 단말기)이 충족 되었고 앱을 설치했는데 왜 보이는 ARS 안되나요?",채널 표기 코드,,,,
589,통화 중에 보이는 ARS 서비스가 갑자기 너무 느려요.,채널 표기 코드,,,,
590,"전에는 보이는 ARS가 자동으로 팝업 되었는데, 어느 날부터 팝업이 되지 않아요. ",채널 표기 코드,,,,
591,"보이는ARS 이용 중이었는데, 화면이 보이지 않아요. ",채널 표기 코드,,,,
592,계약자가 법인인 건은 AIA+에서 이용가능한 서비스 종류가뭐야?,채널 표기 코드,,,,
593,해약환급금 조회가 aia+에서 안 되나요?,채널 표기 코드,,,,
594,aia+에서 해약접수도 되나요?,채널 표기 코드,,,,
595,aia+에서 감액접수 되지요?,채널 표기 코드,,,,
596,aia+ 로그인 방법에 어떤 것들이 있지?,채널 표기 코드,,,,
597,18996700번이 무슨 번호야?,채널 표기 코드,,,,
598,ARS에서 제지급 신청 얼마까지 가능하나요?,채널 표기 코드,,,,
599,"종피보험자 주민번호 정정할때도, 보험료 변동이 발생하나요?",명의변경,,,,
600,주민번호정정 전화접수 할때 필요한 서류가 있나요?,명의변경,,,,
601,"이름 단순정정을 우편으로 신청 시, 필요 서류는?",명의변경,,,,
602,"명의정정 시, AML 대상은?",명의변경,,,,
603,"이름 단순정정 전화 접수 시, 필요한 서류는? ",명의변경,,,,
604,등본과 신분증상 성명이 두음법칙으로 인해 상이한 경우 정정되어야 하는기준은?,명의변경,,,,
605,추징금이 무엇인가요?,명의변경,,,,
606,명의정정 증비서류 사본 가능한가요?,명의변경,,,,
607,내국인 호적정정으로 명의정정 시 필요한 서류는?,명의변경,,,,
608,법인 계약 사업자등록번호 변경 시 구비서류는? 대표자가 신청할 때로 알려줘,명의변경,,,,
609,고객의 계약에 대해 법원에서 압류를 했다는 것이 무슨 의미인가요?,채권압류 질권설정,,,,
610,피보험자에게 압류가 설정될 예정입니다. 압류가 가능한가요?,채권압류 질권설정,,,,
611,"현재 계약자와 수익자가 동일인 입니다. 앞으로 압류가 설정될 것으로 예상되는데, 수익자를 변경할 수 있나요?",채권압류 질권설정,,,,
612,"계약자와 수익자가 다른 사람이고, 수익자만 압류 대상일 경우 계약을 해지하거나 명의변경이 가능한가요?",채권압류 질권설정,,,,
613,수익자에게 압류가 설정되어 있고. 보험금 지급사유가 발생하였을 때 압류가 설정되어 있는 경우 보험금을 지급 받을 수 있을지요?,채권압류 질권설정,,,,
614,채무 관계를 모두 정산했는데 보험에 압류가 풀리지 않은 상태로 계약해약을 위해 압류 해제가 가능할까?,채권압류 질권설정,,,,
615,채권기관에서 압류 해제 서류를 보냈다고 했는데 아직 압류가 설정되어 있습니다. 언제 해제 가능한가요?,채권압류 질권설정,,,,
616,채권자 전화번호를 알 수 있는 방법이 있나?,채권압류 질권설정,,,,
617,하나의 계약에 서로 다른 압류가 2건 이상 있을 경우 우선순위가 어떻게 되나요?,채권압류 질권설정,,,,
618,"가압류설정 통보 문자를 받았는데, 가압류 상태에서 채권자가 추심이 가능한가요?",채권압류 질권설정,,,,
619,"압류 된 계약자가 개인회생 신청을 한 경우, 압류건은 해제 되는 건가요?",채권압류 질권설정,,,,
620,압류금액보다 해지환급금이 더 많을 경우 어떻게 처리 되나요?,채권압류 질권설정,,,,
621,추심계약 해지요청 시 필요한 서류는?,채권압류 질권설정,,,,
622,압류가 해제될 경우 계약자에게 안내 통보가 되나요?,채권압류 질권설정,,,,
623,"가압류란 무엇이며, 이 경우에도 추심이 가능한가요?",채권압류 질권설정,,,,
624,무료보험 영문 가입증서 발행 가능한가요?,상품,,,,
625,무료보험 수익자 정정 가능한가요?,상품,,,,
626,무료보험은 보험금 청구 방법이 다른가요?,상품,,,,
627,무배당 대중교통 상해보험(2구좌)의 지급 조건과 금액을 알려줘,상품,,,,
628,무배당 대중교통 상해보험에 해당되는 대중교통 수단은?,상품,,,,
629,아직 상환이 덜 된 계약대출금이 있어도 연금전환이 가능한가?,연금,,,,
630,연금전환 가능한 조건 알려줘,연금,,,,
631,연금전환 신청을 전화접수 할 수 있나?,연금,,,,
632,연금전환 시 특약보장은 어떻게 되나?,연금,,,,
633,연금전환 후 취소도 가능한가?,연금,,,,
634,연금신청권자는 누구인가,연금,,,,
635,연금으로 전환 후 연금의 일시금 수령은 가능한가요?,연금,,,,
636,지급중지(채권압류) 계약은 연금전환이 가능한가요?,연금,,,,
637,사망수익자가 은행으로 지정된 계약은 연금전환이 가능한가요?,연금,,,,
638,"보장유지특약 중 갱신특약이 존재하는 경우, 갱신 가능한가요?",연금,,,,
639,연금전환 접수 중 [재해입원특약은 의료비특약과 전환여부가 동일해야 한다]는 안내문구가 뜹니다. 어떤 의미인가요?,연금,,,,
640,연금전환 신청 후 언제부터 연금수령이 가능하나요?,연금,,,,
641,연금전환 시점이 비과세 기간을 경과 하지 않았을 경우에는 과세 되나요?,연금,,,,
642,연금전환 시에는 가입 당시의 경험생명표를 적용하나요? ,연금,,,,
643,연금개시 안내문은 언제 발송 되나요?,연금,,,,
644,연금개시시점에 약관대출금 존재 시에는 연금개시금액은 어떻게 되나요?,연금,,,,
645,연금 개시 후 피보험자 사망 시 수익자는 누구인가요?,연금,,,,
646,연금 개시 후 피보험자 사망 청구 건의 일시금 요청 시 구비 서류는 어떻게 되나요?,연금,,,,
647,연금 지급 일자에 미 지급 되었을 경우 공시이율로 적용 되나요?,연금,,,,
648,"비과세 기간을 채우지 못하고, 연금 개시 될 경우 과세는 언제 하나요?",연금,,,,
649,"당사의 연금보험은 비과세연금보험(비적격), 소득공제 연금보험(적격) 중 어디에 해당 되나요?",연금,,,,
650,세계비적격/적격 차이는?,연금,,,,
651,연금 계약변경 가능 조건은?,연금,,,,
652,연금개시연령을 바꾸고 싶은데 가능 조건이 있어?,연금,,,,
653,연금개시가 되었는데 연금을 실제 받기 전에 연금지급받은 주리를 변경하고 싶다면 가능할까? ,연금,,,,
654,대출이자 rtb 출금시 통장에 뭐라고 표시돼?,채널 표기 코드,,,,
655,계속분보험료는 rtb하면 통장에 뭐라고 찍혀?,채널 표기 코드,,,,
656,초회보험료는 통장에 뭐라고 표시돼?,채널 표기 코드,,,,
657,약관대출이자 자동이체 통장에 표시가 어떻게 되니?,채널 표기 코드,,,,
658,통장에 AIA05 020 표시된 거는 어떤 출금이야?,채널 표기 코드,,,,
659,통신채널 2025년 3월에 가입한 백세시대꼭하나건강보험갱신형의 AIA 헬스케어 서비스 가입 조건은?,헬스케어서비스,,,,
660,전문의료진 실시간 건강상담 내용이 뭐더라?,헬스케어서비스,,,,
661,차량에스코트 서비스 내용 좀 알려줘,헬스케어서비스,,,,
662,시니어일반헬스케어에서 차량에스코트서비스는 년간 몇 회 지원돼?,헬스케어서비스,,,,
663,간호사 병원 방문동행 내용과 연간 지원횟수 알려줘,헬스케어서비스,,,,
664,암특화헬스케어서비스 중에 암건강정보안내는 어떻게 받아보는 거야?,헬스케어서비스,,,,
665,전화심리상담은 가족도 받을수 있나요?,헬스케어서비스,,,,
666,헬스케어 기본서비스에서 케어스테이 서비스 가능해?,헬스케어서비스,,,,
667,2025년 1월에 가입한 AIA Vitality 평생안심+유니버셜종신보험 헬스케어 서비스 가입 조건은?,헬스케어서비스,,,,
668,해외 의료지원서비스는 헤택내용이 뭐가 있어?,헬스케어서비스,,,,
669,헬스케어로 상조서비스는 다른 상조회사와 연계되어서 제공하는 건가요?,헬스케어서비스,,,,
670,헬스케어 서비스에서 말하는 '큰병'의 정의는?,헬스케어서비스,,,,
671,2013.02.15일 이전 계약은 저축성보험 비과세 적용 한도가 없지?,법 제도,,,,
672,2017년 4월 1일 이후계약은 비과세 유지기간 조건이 어떻게 돼?,법 제도,,,,
673,2017년 4월 1일 이후 일시납 저축성보험의 비과세 한도 얼마야?,법 제도,,,,
674,2003년 저축서보험은 비과세 요건이 어떻게 돼?,법 제도,,,,
675,2014년 월적립식저축성보험의 비과세 요건 알려줘,법 제도,,,,
676,바이탈리티 등급 종류를 알려줘,바이탈리티,,,,
677,플래티넘은 포인트가 얼마이상이어야 돼?,바이탈리티,,,,
678,바이탈리티1.1 가입은 AIA+에서 가능한가?,바이탈리티,,,,
679,바이탈리티 1.1 회비가 얼마야?,바이탈리티,,,,
680,바이탈리티 유료회비 납입방법은 직접납부도 되나요?,바이탈리티,,,,
681,바탈유료회비 납입자 범위는 어디까지야?,바이탈리티,,,,
682,바탈회비 미납되면 효력이상실되나?,바이탈리티,,,,
683,바이탈리티 유료멤버십은 가입하고 철회할 수 있나?,바이탈리티,,,,
684,통신채널 상품 중에서 어떤게 심사연동 되나요?,해피콜,,,,
685,통신채널 정기종신보험은 해피콜이 미완료되면 최종 어떻게 되나?,해피콜,,,,
686,해피콜 제외대상이 어떻게 돼?,해피콜,,,,
687,해피콜을 거부하는 경우 어떻게 처리하나요,해피콜,,,,
688,외국인 계약자에게 해피콜을 어떻게 하나요,해피콜,,,,
689,해피콜 고령자 조력제도란게 어떤거지?,해피콜,,,,
690,계약자가 청각장애인인 경우 해피콜 방법 알려줘,해피콜,,,,
691,해피콜 전화 시도는 몇 번하나요?,해피콜,,,,
692,GA채널 계약의 해피콜 전화 시도는 몇 번 하나요?,해피콜,,,,
693,성년후견이란,법 제도,,,,
694,한정후견이란,법 제도,,,,
695,특정후견이란,법 제도,,,,
696,임의후견이 뭐야,법 제도,,,,
697,성년후견인이 계약사항 문의하는 경우 확인할 서류는?,법 제도,,,,
698,한정후견에서 청구권자(피후견인이) 업무요청시 - 후견인의 동의 관련 서류는 녹취로 대체 가능한지요?,법 제도,,,,
699,후견인이 대리인에게 위임이 가능한가요,법 제도,,,,
700,성년후견인이 ‘대리인의 신용정보처리동의서’에  날짜를 기재하지 않은 경우 음성 녹취 보완이 가능한가요?,법 제도,,,,
701,연락처삭제시에도 본인인증을 해야하나요,채널 표기 코드,,,,
702,본인인이 당일 5회이상 실패한 경우 어떻게 되나요,채널 표기 코드,,,,
703,외국인의 경우 외국인등록증으로 인증할 수 있나요,채널 표기 코드,,,,
704,신분증인증 5회 오류로 잠겼는데 잠김해제 방법을 알려줘,채널 표기 코드,,,,
705,휴대폰인증 시 동의필수 스크립트 알려줘,채널 표기 코드,,,,
706,1개월이내 연락처변경 건 특별승인 방법 알려줘,채널 표기 코드,,,,
707,전산에 등록된 전화번호와 인입된 번호가 다른 경우 제지급처리 시 특별승인 필요한가?,채널 표기 코드,,,,
708,특별승인 신청방법 알려줘,채널 표기 코드,,,,
709,제지급 2천만원 초과건은 휴대폰인증 필수인가?,채널 표기 코드,,,,
710,MMS 팩스번호?,채널 표기 코드,,,,
711,관계확인서류 유효기간 알려줘,법 제도,,,,
712,민법상 미성년자 기준 ,법 제도,,,,
713,"해외에서 결혼해서 아직 국내 혼인신고가 안 된 경우, 해당 국가에서 발급받은 결혼증명서로 관계확인서류 인정이될까?",법 제도,,,,
714,법인계약 구비서류간소화 제외업무 종류 알려줘,법 제도,,,,
715,"법인계약 구비서류 간소화 대상 업무인 경우, 서류징구 기준 알려줘",법 제도,,,,
716,군인의 실명확인증표 종류가 뭐가 있나요,법 제도,,,,
717,재외동포나 재외국민 실명확인증표 종류는 뭐가 있나요,법 제도,,,,
718,태아도 상속순위가 있나?,법 제도,,,,
719,"피보험자가 미혼이고 부모 모두 사망, 조부모와 형제자매가 생존해 있다면 누가 상속 1순위인가?",법 제도,,,,
720,기혼이고 자녀가 없는 피보험자가 사망한 경우 법정상속인은 누구인가,법 제도,,,,
721,AML 목적이 무엇인가,법 제도,,,,
722,보험금청구도 AML 해당업무인가?,법 제도,,,,
723,법인 실제소유자 확인서류 종류가 뭐가 있지?,법 제도,,,,
724,학생증도 실명증표에 해당되나요,법 제도,,,,
725,블랙리스트 준법감시부 확인결과하는데 소요시간이얼마나 되나요,법 제도,,,,
726,고객이 사이버서비스에서 제지급 접수했을때도 3년 이내 거래실적있을경우 CDD징구 제외인가?,법 제도,,,,
727,EDD 대상 고객이 질문확인에 불만을 제기하면 뭐라고 해야돼?,법 제도,,,,
728,FATCA CSR는 무슨약자야?,법 제도,,,,
729,FATCA 는 뭘 확인하는 거야,법 제도,,,,
730,CSR는 뭘 확인하는 거야,법 제도,,,,
731,FATCA/CRS는 대표수익자에게만 적용하나요? 아니면 상속인도 포함인가요?,법 제도,,,,
732,FATCA/CRS는 사고보험금 급부와 지급금액 구분 없이 적용하나요?,법 제도,,,,
733,수익자 이외의 계좌로 지급하는 경우 예금주에게서 미국인 징후가 발견 된 경우 본인확인서 받나요?,법 제도,,,,
734,사망수익자가 법정상속인 경우 대표수익자와 계약자가 동일한 경우 CRS적용대상인가요?,법 제도,,,,
735,SSN이 뭔가요,법 제도,,,,
736,ITIN과 EIN이 뭔가요,법 제도,,,,
737,재외국민이 뭐지?,고객정보,,,,
738,재외동포가 뭐야?,고객정보,,,,
739,외국인 -> 외국인 명의정정 전화접수 시 필요한 서류가 뭐야,명의변경,,,,
740,외국인이 국내 국적취득해서 내국인로 명의정정 전화접수 시 필요한 서류가 뭐야,명의변경,,,,
1047,바이탈리티 1.1 서비스가 뭐야?,바이탈리티,,,,
1048,바이탈리티 유료서비스 가입조건이 뭐야?,바이탈리티,,,,
1049,바이탈리티 1.1 해지 후 재가입이 가능한가?,바이탈리티,,,,
1050,"바이탈리티 유료 회비납입이 자동이체 등록되어 있는데, 자동이체 해지 돼죠?",바이탈리티,,,,
