No.,목차,도메인,질문수,대표질문,질문예시1,질문예시2,질문예시3
1,보험금청구,보험금 보장,65,앱으로 보험금 청구할 때 최대 금액이 얼마인가요?,앱으로 보험금 청구할 때 최대 금액이 얼마인가요?,보험금 청구할 때 수익자도 같이 바꿀 수 있나요?,사고 보험금도 세금을 떼나요?
2,명의변경(계약자/수익자 변경),명의변경,37,재사수익자 은행에서 개인으로 변경할 때 우편접수에 필요한 서류는?,재사수익자 은행에서 개인으로 변경할 때 우편접수에 필요한 서류는?,"중도급부 발생 전에 만기수익자 사망했고, 급부 발생 이후에 만기수익자 변경할 때 필요한 서류는 무엇인지?",공공기관제출용 수익자 명의변경사실 확인서 발행을 전화 신청 방법은?
3,자동부활,계약정보,28,자동부활 보험료 납입 시 본인계좌 이외에도 가능한지?,자동부활 보험료 납입 시 본인계좌 이외에도 가능한지?,"자동부활로 계약자 내방 하였으나, 피보험자 수익자의 주소정보가 등록되어 있지 않은 것으로 전산 표시되는 경우 어떻게 처리 하나요?","소멸시효 경과 건 자동부활 요청 시, 대응방법은?"
4,보험계약대출 신청,대출,26,"전화로 보험계약대출 신청 시, 최대 한도는?","전화로 보험계약대출 신청 시, 최대 한도는?",AIA+에서 보험계약대출 시 당일 상환 가능한가요?,4천만원 대출받으려고 하는데 휴대폰 본인인증만 받으면 되나요?
5,감액/특약삭제,계약정보,24,감액반제금 계약자계좌외 지급가능한가요(통신채널기준),감액반제금 계약자계좌외 지급가능한가요(통신채널기준),미성년자 감액시 전화접수할 때 어떻게 하나요?,"비흡연 할인 중인 계약인데, 비흡연할인 적용 가능한 기준금액 밑으로 감액하면 할읹적용은 어떻게 돼?"
6,(면대면채널)펀드변경,변액 펀드,19,목표수익률 변경 대상 상품 및 변경 가능 수익률은?,목표수익률 변경 대상 상품 및 변경 가능 수익률은?,목표수익률 변경 시 바로 적용되나요?,펀드변경은 몇 번까지 신청할 수 있어?
7,휴대폰 소액결제,보험료납입,15,휴대폰소액결제로 추가납입 보험료도 결제되나요?,휴대폰소액결제로 추가납입 보험료도 결제되나요?,휴대폰소액결제로 부활보험료도 결제되나요?,당사에 보험이 여러건이면 휴대폰소액결제도 합산출금 되나요?
8,청약철회,제지급,15,청약철회를 이메일로 접수할수 있나요?,청약철회를 이메일로 접수할수 있나요?,청약철회 취소접수 방법 알려줘. 전화로접수한 건이야,청약철회 기간 내 계약자 변경되어 계약자의 연령이 변경 된 경우 철회가능기간도 변경되나요?
9,비 흡연 할인 특약,계약정보,14,비흡연할인특약 가입된 계약은 감액이 불가한가요?,비흡연할인특약 가입된 계약은 감액이 불가한가요?,건강플러스 할인율?,청약 시 당뇨 고지했으면 건강플러스 할인 신청이 안되는지?
10,일반부활,계약정보,14,일반부활도 심사 후 거절 될 수 있나요?,일반부활도 심사 후 거절 될 수 있나요?,일반부활 가능 기간이 어떻게 되나요?,일반부활 접수 방법은?
11,계좌 자동이체,보험료납입,14,지정한 자동이체 일에 이체가 안 되면 또 언제 출금이 되는지요?,지정한 자동이체 일에 이체가 안 되면 또 언제 출금이 되는지요?,은행에서 자동이체 등록 시 언제 이체가 되나요?,외국인이 국내 계좌 개설 가능하나요? 이 통장으로 자동이체도 가능 하나요?
12,송금계좌등록,제지급,13,계약자가 미성년자인데 편부모인 경우 제지급 지급계좌 친권자 계좌로 받을 때 방법,계약자가 미성년자인데 편부모인 경우 제지급 지급계좌 친권자 계좌로 받을 때 방법,송금계좌로 자동 등록되는 기준조건이 뭐야?,송금계좌 자동등록 조건에서 이체실적은 보험료를 말하는 건가?
13,"증권, 약관 재발행",계약정보,12,부활 후 증권 재발행이 되나요?,부활 후 증권 재발행이 되나요?,실효된 계약도 증권재발행이 되나?,해지계약 증권재발행 방법은?
14,해지문의,계약해지,12,AIA+에서 보험 해지 가능한가요?,AIA+에서 보험 해지 가능한가요?,"계약자가 미성년자인데, 엄마가 전화로 해약을 요청했어. 엄마계좌로 해약환급금 지급이 가능할까? 통신계약이야",언제 계약건부터 통신수단해지 여부 상관없이 해약접수 가능한지 알려줘
15,주소/연락처 변경,고객정보,12,우편물 수령지를 해외주소지로 등록안해주는 이유가 뭔가요,우편물 수령지를 해외주소지로 등록안해주는 이유가 뭔가요,계약자가 치매상태로 가족이 전화상 주소지변경을 요청하는 경우 변경처리 가능한가,"계약의 체결을 위한 개인신용정보 수집.이용, 조회, 제공 동의 항목에서 수집 이용할 개인정보의 내용이 무엇인지?"
16,일시납입중지 신청,보험료납입,12,보험료 납입중지 기능을 설명해줘,보험료 납입중지 기능을 설명해줘,골든초이스연금 상품은 일시납입중지 신청을 언제부터 할 수 있어?,변액유니버셜 상품인데 납입중지 기간 설정 가능한가요?
17,헬스케어 서비스,헬스케어서비스,12,통신채널 2025년 3월에 가입한 백세시대꼭하나건강보험갱신형의 AIA 헬스케어 서비스 가입 조건은?,통신채널 2025년 3월에 가입한 백세시대꼭하나건강보험갱신형의 AIA 헬스케어 서비스 가입 조건은?,전문의료진 실시간 건강상담 내용이 뭐더라?,차량에스코트 서비스 내용 좀 알려줘
18,명의정정,명의변경,11,"미국 영주권자인 자녀를 사망수익자로 변경 요청하는 경우로, 전산에는 호적상 주민번호로 등록되어있지만 외국인등록번호로 사망수익자 지정 요청 시 구비서류는?","미국 영주권자인 자녀를 사망수익자로 변경 요청하는 경우로, 전산에는 호적상 주민번호로 등록되어있지만 외국인등록번호로 사망수익자 지정 요청 시 구비서류는?","종피보험자 주민번호 정정할때도, 보험료 변동이 발생하나요?",주민번호정정 전화접수 할때 필요한 서류가 있나요?
19,연금전환 서비스,연금,11,아직 상환이 덜 된 계약대출금이 있어도 연금전환이 가능한가?,아직 상환이 덜 된 계약대출금이 있어도 연금전환이 가능한가?,연금전환 가능한 조건 알려줘,연금전환 신청을 전화접수 할 수 있나?
20,소득공제 납입 증명서 발급,증명서 안내장,11,피보험자 명의로 소득공제발행 가능한가요,피보험자 명의로 소득공제발행 가능한가요,계약자와 피보험자 따로 소득공제증명서 발행이 가능한가,고지의무위반으로 해약환급금 또는 기납입보험료 반환된 계약도 소득공제증명서 발행이 가능한가
21,실손보험료 환급신청,제지급,10,법인계약도 실손보험료 환급제도 적용이 되나요,법인계약도 실손보험료 환급제도 적용이 되나요,실손보험료 환급 신청 조건이 뭔가요,실손보험료환급 신청 후 반환은 얼마만에 되나요
22,(면대면채널)연장 정기,계약정보,9,연장정기가 무엇인가요?,연장정기가 무엇인가요?,연장정기 가능한 조건은?,연장정기 전화접수 시 필요한 서류는?
23,민원,민원,9,계약자 아닌 제3자가 민원접수 요청하면 어떻게 해?,계약자 아닌 제3자가 민원접수 요청하면 어떻게 해?,계약자가 당사 활동 모집인인 경우에 민원접수 가능한지?,"자동부활 가능 기한 경과 건 일반부활 안내 하였으나, 거부하고 자동부활 요구하는 경우에는?"
24,즉시출금,보험료납입,9,보험료 즉시이체 납입자 범위는?,보험료 즉시이체 납입자 범위는?,저축성 상품도 카드 RTB 가능한가요?,즉시이체는 아무때나 가능한가요?
25,해지접수,계약해지,8,"오늘 자동이체 통장에서 이체되는 날인데, 보험을해약하면 보험료 반환은?","오늘 자동이체 통장에서 이체되는 날인데, 보험을해약하면 보험료 반환은?",해약할 때 타인을위한프로세스 체크는 어떨때 하는거지?,법인계약 해약 신청시 구비서류는? 대표자가 신청할때
26,자동송금신청,제지급,8,중도보험금 자동송금 신청 가능 조건은?,중도보험금 자동송금 신청 가능 조건은?,리얼라이프플랜 자금도 자동송금 신청 가능한가?,종신연금형_보증기간부 상품의 자동송금 신청 가능 시점은?
27,재고지 접수/ 보완,신계약 미결,7,건강 재고지 접수 가능기간은? 통신채널 건이야,건강 재고지 접수 가능기간은? 통신채널 건이야,대면채널 계약 우편으로 자필서명재고지 하는 방법은?,실효상태에서 재고지 가능한가요?
28,중도인출,제지급,7,"전화로 중도인출 요청 시, 최대 한도는?","전화로 중도인출 요청 시, 최대 한도는?",AIA 달러로 받는 연금보험의 중도 인출 가능 금액과 가능 횟수는?,2011년 11월 1일 계약한 변액보험이데 실효예정건이면 중도인출 할 수 없나요?
29,카드 자동이체,보험료납입,6,보장성보험은 대면채널이어도 카드 자동이체 다 되는거지?,보장성보험은 대면채널이어도 카드 자동이체 다 되는거지?,개인사업자 카드로 자동이체 등록할 때 필요한 서류가 있어?,자동승계카드 종류 알려줘
30,(면대면채널) MP이관,설계사,6,담당 MP가 없는데 반드시 지정하지않아도 되는 것인지?,담당 MP가 없는데 반드시 지정하지않아도 되는 것인지?,실효상태에서 MP지정 문의 시?,MP가 본인 계약 건 본인으로 이관 요청시?
31,납입주기변경,계약정보,5,납입주기변경은 누가 신청할 수 있나요?,납입주기변경은 누가 신청할 수 있나요?,납입주기를 월납에서 6개월납으로 변경하려면 현재 납입횟차가 어떻게 되어 있어야 하는지?,납입주기 변경이 불가능한 조건이 있나요?
32,실손보험 의료급여 수급권자 확인,계약정보,5,의료급여수급권자는 보험료 할인이 되는 제도가 있다는데 그게 뭐야?,의료급여수급권자는 보험료 할인이 되는 제도가 있다는데 그게 뭐야?,내국인 성인 의료급여 수급권자 보험료 할인 우편 신청시 필요서류는?,의료수급권자 실손보험료 할인 신청은 계약자가 하는 거 맞죠?
33,APL(자동대출납입)신청,대출,5,"APL 등록 중, 약관대출 가능금액 부족으로 실효가 되었습니다. 부활 후에도 APL유지되나요?","APL 등록 중, 약관대출 가능금액 부족으로 실효가 되었습니다. 부활 후에도 APL유지되나요?",기 약관대출금이 있는 경우에는 APL 발생시 1회분 보험료와 이자를 합산하여 자동 대출이 발생 되는 건가요?,APL 최초 자동 대출 월로부터 1년 이후 재 신청은 무엇 인가요?
34,품질보증해지,민원,5,품질가능해지 가능 기간은?,품질가능해지 가능 기간은?,품질가능해지 가능 조건은?,품질 보증해지 접수 시 결과 및 소요 시간은?
35,연금정정 (연금계약변경),연금,5,연금개시 안내문은 언제 발송 되나요?,연금개시 안내문은 언제 발송 되나요?,연금개시시점에 약관대출금 존재 시에는 연금개시금액은 어떻게 되나요?,연금 지급 일자에 미 지급 되었을 경우 공시이율로 적용 되나요?
36,직종(직무)&운전차종 변경,계약정보,4,"보험 대상자의 직업, 운전차종 변경통지 구비서류를 알려주세요","보험 대상자의 직업, 운전차종 변경통지 구비서류를 알려주세요",직무직종 통지 의무 대상 상품은 무엇인가요?,직무직종변경 신고를 할때 어떤 내용을 알려야 해?
37,(면대면채널)연금신청,연금,4,연금신청권자는 누구인가,연금신청권자는 누구인가,연금 개시 후 피보험자 사망 시 수익자는 누구인가요?,연금 개시 후 피보험자 사망 청구 건의 일시금 요청 시 구비 서류는 어떻게 되나요?
38,납입기간변경,계약정보,3,납입기간 단축으로 추징금이 발생하면 어떻게 납부하지?,납입기간 단축으로 추징금이 발생하면 어떻게 납부하지?,기대출금이 있는 계약은 납입기간 변경 시 대출금 상환해야 하나?,납입기간 변경 시 저축성 상품에 대해 추징금은 카드납부가 가능한가요?
39,(통신채널) 신계약 미결,신계약 미결,3,계약상태 10이 어떤 상태?,계약상태 10이 어떤 상태?,보험 계약 반송 안내문을 받았는데 무엇인지 문의한 경우?,"통신채널 청약 당시 부담보 설정 된 부위 완치 후 부담보 해제 가능하다고 안내 받았다고 하는 경우, 접수 및 검토 가능 조건은?"
40,잔액증명서 발급,증명서 안내장,3,변액 상품 계속보험료 잔액증명서 발행 기준은?,변액 상품 계속보험료 잔액증명서 발행 기준은?,기준일을 과거로 해서 잔액증명서 발급 가능한가요?,전산의 해지(해약)환급금과 잔액증명서의 해지(해약)환급금이 왜 다르죠?
41,갱신불원,계약정보,2,갱신불원 접수 가능기간을 알려주세요,갱신불원 접수 가능기간을 알려주세요,미성년자계약 갱신불원 전화접수 방법은 어떻게 되나요?,
42,재단출연 휴면보험금,제지급,2,휴면보험금 전화 접수할 때 수령계좌는 본인계좌만 아능할까?,휴면보험금 전화 접수할 때 수령계좌는 본인계좌만 아능할까?,당사에서 안내한 휴면보험금 금액과 서민금융진흥원을 통해 접수해서 지급받은 금액이 차이가 나는데 왜 그럴까요?,
43,EIUL 지수 기간 연장,계약정보,1,지수연동 기간 연장 최대 기한은?,지수연동 기간 연장 최대 기한은?,,
44,UL 약정보험료,계약정보,1,에버래스팅보험 약정보험료 변경할 수 있는 한도가 있어?,에버래스팅보험 약정보험료 변경할 수 있는 한도가 있어?,,
45,자동이체해지,보험료납입,1,일시납입중지 시 자동이체 해지해야 하나요?,일시납입중지 시 자동이체 해지해야 하나요?,,
46,PUL 월 추가 납입,보험료납입,1,PUL 모든 상품은 관리 대출금이 있나요?,PUL 모든 상품은 관리 대출금이 있나요?,,
47,PUL/SUL수시추가 납입,보험료납입,1,(무) 안심플러스인덱스유니버셜 상품의 수시추가납입 조건은?,(무) 안심플러스인덱스유니버셜 상품의 수시추가납입 조건은?,,
